config,first_algorithm,first_capacity,second_algorithm,second_capacity,datasets,mean_hit_rate_percent,stddev_hit_rate_percentage_points,delta_vs_BELADY100_percentage_points
LRU5_LRU95,LRU,5,LRU,95,40,75.448500,0.259475,-9.184375
LRU10_LRU90,LRU,10,LRU,90,40,75.025750,0.274762,-9.607125
LRU15_LRU85,LRU,15,LRU,85,40,74.635125,0.278258,-9.997750
LRU20_LRU80,LRU,20,LRU,80,40,74.168750,0.286732,-10.464125
LRU25_LRU75,LRU,25,LRU,75,40,73.581375,0.309584,-11.051500
LRU30_LRU70,LRU,30,LRU,70,40,72.936125,0.308880,-11.696750
LRU35_LRU65,LRU,35,LRU,65,40,72.369125,0.316234,-12.263750
LRU40_LRU60,LRU,40,LRU,60,40,71.926500,0.310005,-12.706375
LRU45_LRU55,LRU,45,LRU,55,40,71.657000,0.318918,-12.975875
LRU50_LRU50,LRU,50,LRU,50,40,71.538625,0.317678,-13.094250
LRU55_LRU45,LRU,55,LRU,45,40,71.571250,0.309049,-13.061625
LRU60_LRU40,LRU,60,LRU,40,40,71.900125,0.311998,-12.732750
LRU65_LRU35,LRU,65,LRU,35,40,72.501875,0.303534,-12.131000
LRU70_LRU30,LRU,70,LRU,30,40,73.075250,0.298925,-11.557625
LRU75_LRU25,LRU,75,LRU,25,40,73.607000,0.297153,-11.025875
LRU80_LRU20,LRU,80,LRU,20,40,74.104625,0.290443,-10.528250
LRU85_LRU15,LRU,85,LRU,15,40,74.569375,0.274320,-10.063500
LRU90_LRU10,LRU,90,LRU,10,40,75.015625,0.274339,-9.617250
LRU95_LRU5,LRU,95,LRU,5,40,75.446000,0.260387,-9.186875
LRU5_ARC95,LRU,5,ARC,95,40,75.028625,0.294072,-9.604250
LRU10_ARC90,LRU,10,ARC,90,40,74.534875,0.310945,-10.098000
LRU15_ARC85,LRU,15,ARC,85,40,74.371375,0.343550,-10.261500
LRU20_ARC80,LRU,20,ARC,80,40,75.369375,0.319593,-9.263500
LRU25_ARC75,LRU,25,ARC,75,40,75.702000,0.299270,-8.930875
LRU30_ARC70,LRU,30,ARC,70,40,75.517875,0.290358,-9.115000
LRU35_ARC65,LRU,35,ARC,65,40,75.368875,0.281554,-9.264000
LRU40_ARC60,LRU,40,ARC,60,40,75.325625,0.284736,-9.307250
LRU45_ARC55,LRU,45,ARC,55,40,75.337500,0.279702,-9.295375
LRU50_ARC50,LRU,50,ARC,50,40,75.418125,0.277056,-9.214750
LRU55_ARC45,LRU,55,ARC,45,40,75.529250,0.287372,-9.103625
LRU60_ARC40,LRU,60,ARC,40,40,73.129000,0.838180,-11.503875
LRU65_ARC35,LRU,65,ARC,35,40,72.505375,0.300101,-12.127500
LRU70_ARC30,LRU,70,ARC,30,40,73.075250,0.298925,-11.557625
LRU75_ARC25,LRU,75,ARC,25,40,73.607000,0.297153,-11.025875
LRU80_ARC20,LRU,80,ARC,20,40,74.104625,0.290443,-10.528250
LRU85_ARC15,LRU,85,ARC,15,40,74.569375,0.274320,-10.063500
LRU90_ARC10,LRU,90,ARC,10,40,75.015625,0.274339,-9.617250
LRU95_ARC5,LRU,95,ARC,5,40,75.446000,0.260387,-9.186875
LRU5_2Q95,LRU,5,2Q,95,40,70.924125,0.322492,-13.708750
LRU10_2Q90,LRU,10,2Q,90,40,71.084250,0.330479,-13.548625
LRU15_2Q85,LRU,15,2Q,85,40,73.609500,0.385204,-11.023375
LRU20_2Q80,LRU,20,2Q,80,40,75.856625,0.340677,-8.776250
LRU25_2Q75,LRU,25,2Q,75,40,76.339750,0.287875,-8.293125
LRU30_2Q70,LRU,30,2Q,70,40,76.090875,0.275730,-8.542000
LRU35_2Q65,LRU,35,2Q,65,40,76.066000,0.243190,-8.566875
LRU40_2Q60,LRU,40,2Q,60,40,75.980375,0.320981,-8.652500
LRU45_2Q55,LRU,45,2Q,55,40,70.785250,1.211273,-13.847625
LRU50_2Q50,LRU,50,2Q,50,40,70.405750,0.314091,-14.227125
LRU55_2Q45,LRU,55,2Q,45,40,71.162250,0.302661,-13.470625
LRU60_2Q40,LRU,60,2Q,40,40,71.864500,0.309283,-12.768375
LRU65_2Q35,LRU,65,2Q,35,40,72.501875,0.303534,-12.131000
LRU70_2Q30,LRU,70,2Q,30,40,73.075250,0.298925,-11.557625
LRU75_2Q25,LRU,75,2Q,25,40,73.607000,0.297153,-11.025875
LRU80_2Q20,LRU,80,2Q,20,40,74.104625,0.290443,-10.528250
LRU85_2Q15,LRU,85,2Q,15,40,74.569375,0.274320,-10.063500
LRU90_2Q10,LRU,90,2Q,10,40,75.015625,0.274339,-9.617250
LRU95_2Q5,LRU,95,2Q,5,40,75.446000,0.260387,-9.186875
LRU5_LFU95,LRU,5,LFU,95,40,59.070000,0.369634,-25.562875
LRU10_LFU90,LRU,10,LFU,90,40,70.020625,0.421493,-14.612250
LRU15_LFU85,LRU,15,LFU,85,40,75.731375,0.431592,-8.901500
LRU20_LFU80,LRU,20,LFU,80,40,77.233625,0.296237,-7.399250
LRU25_LFU75,LRU,25,LFU,75,40,77.048125,0.285367,-7.584750
LRU30_LFU70,LRU,30,LFU,70,40,76.446500,0.292744,-8.186375
LRU35_LFU65,LRU,35,LFU,65,40,75.752750,0.357851,-8.880125
LRU40_LFU60,LRU,40,LFU,60,40,74.848875,0.362200,-9.784000
LRU45_LFU55,LRU,45,LFU,55,40,74.013375,0.413463,-10.619500
LRU50_LFU50,LRU,50,LFU,50,40,73.176750,0.340863,-11.456125
LRU55_LFU45,LRU,55,LFU,45,40,72.590250,0.304123,-12.042625
LRU60_LFU40,LRU,60,LFU,40,40,72.185125,0.319269,-12.447750
LRU65_LFU35,LRU,65,LFU,35,40,72.505375,0.300101,-12.127500
LRU70_LFU30,LRU,70,LFU,30,40,73.075250,0.298925,-11.557625
LRU75_LFU25,LRU,75,LFU,25,40,73.607000,0.297153,-11.025875
LRU80_LFU20,LRU,80,LFU,20,40,74.104625,0.290443,-10.528250
LRU85_LFU15,LRU,85,LFU,15,40,74.569375,0.274320,-10.063500
LRU90_LFU10,LRU,90,LFU,10,40,75.015625,0.274339,-9.617250
LRU95_LFU5,LRU,95,LFU,5,40,75.446000,0.260387,-9.186875
LRU5_LIRS95,LRU,5,LIRS,95,40,74.775500,0.278540,-9.857375
LRU10_LIRS90,LRU,10,LIRS,90,40,73.690375,0.306254,-10.942500
LRU15_LIRS85,LRU,15,LIRS,85,40,74.313750,0.325012,-10.319125
LRU20_LIRS80,LRU,20,LIRS,80,40,75.129000,0.288591,-9.503875
LRU25_LIRS75,LRU,25,LIRS,75,40,75.056750,0.259715,-9.576125
LRU30_LIRS70,LRU,30,LIRS,70,40,74.753875,0.255550,-9.879000
LRU35_LIRS65,LRU,35,LIRS,65,40,74.512000,0.252599,-10.120875
LRU40_LIRS60,LRU,40,LIRS,60,40,74.331375,0.248255,-10.301500
LRU45_LIRS55,LRU,45,LIRS,55,40,74.203625,0.261938,-10.429250
LRU50_LIRS50,LRU,50,LIRS,50,40,74.121000,0.273822,-10.511875
LRU55_LIRS45,LRU,55,LIRS,45,40,74.098125,0.274321,-10.534750
LRU60_LIRS40,LRU,60,LIRS,40,40,74.147000,0.281547,-10.485875
LRU65_LIRS35,LRU,65,LIRS,35,40,74.241875,0.290990,-10.391000
LRU70_LIRS30,LRU,70,LIRS,30,40,74.368625,0.289019,-10.264250
LRU75_LIRS25,LRU,75,LIRS,25,40,74.529375,0.276037,-10.103500
LRU80_LIRS20,LRU,80,LIRS,20,40,74.742375,0.275465,-9.890500
LRU85_LIRS15,LRU,85,LIRS,15,40,74.963500,0.265050,-9.669375
LRU90_LIRS10,LRU,90,LIRS,10,40,75.231375,0.273761,-9.401500
LRU95_LIRS5,LRU,95,LIRS,5,40,75.531875,0.257532,-9.101000
ARC5_LRU95,ARC,5,LRU,95,40,75.436875,0.261393,-9.196000
ARC10_LRU90,ARC,10,LRU,90,40,75.014125,0.288068,-9.618750
ARC15_LRU85,ARC,15,LRU,85,40,74.527750,0.292509,-10.105125
ARC20_LRU80,ARC,20,LRU,80,40,74.150250,0.274018,-10.482625
ARC25_LRU75,ARC,25,LRU,75,40,73.858125,0.263224,-10.774750
ARC30_LRU70,ARC,30,LRU,70,40,73.640000,0.265931,-10.992875
ARC35_LRU65,ARC,35,LRU,65,40,73.449375,0.271964,-11.183500
ARC40_LRU60,ARC,40,LRU,60,40,73.312875,0.286875,-11.320000
ARC45_LRU55,ARC,45,LRU,55,40,73.206125,0.301648,-11.426750
ARC50_LRU50,ARC,50,LRU,50,40,73.115375,0.314134,-11.517500
ARC55_LRU45,ARC,55,LRU,45,40,73.139000,0.299887,-11.493875
ARC60_LRU40,ARC,60,LRU,40,40,73.295625,0.295546,-11.337250
ARC65_LRU35,ARC,65,LRU,35,40,73.487375,0.299078,-11.145500
ARC70_LRU30,ARC,70,LRU,30,40,73.726750,0.301495,-10.906125
ARC75_LRU25,ARC,75,LRU,25,40,73.989250,0.285479,-10.643625
ARC80_LRU20,ARC,80,LRU,20,40,74.216375,0.283691,-10.416500
ARC85_LRU15,ARC,85,LRU,15,40,74.523875,0.274711,-10.109000
ARC90_LRU10,ARC,90,LRU,10,40,74.809250,0.311571,-9.823625
ARC95_LRU5,ARC,95,LRU,5,40,75.119125,0.280966,-9.513750
ARC5_ARC95,ARC,5,ARC,95,40,75.047250,0.282087,-9.585625
ARC10_ARC90,ARC,10,ARC,90,40,74.663000,0.266958,-9.969875
ARC15_ARC85,ARC,15,ARC,85,40,74.358000,0.310051,-10.274875
ARC20_ARC80,ARC,20,ARC,80,40,74.593875,0.326723,-10.039000
ARC25_ARC75,ARC,25,ARC,75,40,74.885750,0.270982,-9.747125
ARC30_ARC70,ARC,30,ARC,70,40,74.744875,0.290787,-9.888000
ARC35_ARC65,ARC,35,ARC,65,40,74.609875,0.297139,-10.023000
ARC40_ARC60,ARC,40,ARC,60,40,74.497750,0.293566,-10.135125
ARC45_ARC55,ARC,45,ARC,55,40,74.310375,0.326541,-10.322500
ARC50_ARC50,ARC,50,ARC,50,40,74.321875,0.320658,-10.311000
ARC55_ARC45,ARC,55,ARC,45,40,74.561000,0.307449,-10.071875
ARC60_ARC40,ARC,60,ARC,40,40,74.676125,0.306998,-9.956750
ARC65_ARC35,ARC,65,ARC,35,40,74.761875,0.344530,-9.871000
ARC70_ARC30,ARC,70,ARC,30,40,74.814500,0.392524,-9.818375
ARC75_ARC25,ARC,75,ARC,25,40,74.759125,0.380602,-9.873750
ARC80_ARC20,ARC,80,ARC,20,40,74.665375,0.344004,-9.967500
ARC85_ARC15,ARC,85,ARC,15,40,74.716000,0.282927,-9.916875
ARC90_ARC10,ARC,90,ARC,10,40,74.841375,0.314435,-9.791500
ARC95_ARC5,ARC,95,ARC,5,40,75.126500,0.278386,-9.506375
ARC5_2Q95,ARC,5,2Q,95,40,71.157750,0.315202,-13.475125
ARC10_2Q90,ARC,10,2Q,90,40,72.400625,0.313551,-12.232250
ARC15_2Q85,ARC,15,2Q,85,40,73.544500,0.332793,-11.088375
ARC20_2Q80,ARC,20,2Q,80,40,74.917125,0.343113,-9.715750
ARC25_2Q75,ARC,25,2Q,75,40,75.624875,0.288076,-9.008000
ARC30_2Q70,ARC,30,2Q,70,40,75.555875,0.307373,-9.077000
ARC35_2Q65,ARC,35,2Q,65,40,75.436000,0.291486,-9.196875
ARC40_2Q60,ARC,40,2Q,60,40,75.236125,0.272330,-9.396750
ARC45_2Q55,ARC,45,2Q,55,40,75.103250,0.326077,-9.529625
ARC50_2Q50,ARC,50,2Q,50,40,74.952250,0.318000,-9.680625
ARC55_2Q45,ARC,55,2Q,45,40,74.892375,0.312215,-9.740500
ARC60_2Q40,ARC,60,2Q,40,40,74.742625,0.312199,-9.890250
ARC65_2Q35,ARC,65,2Q,35,40,74.604000,0.338684,-10.028875
ARC70_2Q30,ARC,70,2Q,30,40,74.339250,0.383059,-10.293625
ARC75_2Q25,ARC,75,2Q,25,40,74.221000,0.364710,-10.411875
ARC80_2Q20,ARC,80,2Q,20,40,74.168500,0.321824,-10.464375
ARC85_2Q15,ARC,85,2Q,15,40,74.460375,0.301642,-10.172500
ARC90_2Q10,ARC,90,2Q,10,40,74.753750,0.321447,-9.879125
ARC95_2Q5,ARC,95,2Q,5,40,75.111375,0.283162,-9.521500
ARC5_LFU95,ARC,5,LFU,95,40,59.614875,0.406854,-25.018000
ARC10_LFU90,ARC,10,LFU,90,40,69.939875,0.382216,-14.693000
ARC15_LFU85,ARC,15,LFU,85,40,74.347000,0.375190,-10.285875
ARC20_LFU80,ARC,20,LFU,80,40,76.523375,0.405743,-8.109500
ARC25_LFU75,ARC,25,LFU,75,40,76.698875,0.328551,-7.934000
ARC30_LFU70,ARC,30,LFU,70,40,76.332125,0.311561,-8.300750
ARC35_LFU65,ARC,35,LFU,65,40,76.014000,0.323962,-8.618875
ARC40_LFU60,ARC,40,LFU,60,40,75.691750,0.346729,-8.941125
ARC45_LFU55,ARC,45,LFU,55,40,75.361375,0.336804,-9.271500
ARC50_LFU50,ARC,50,LFU,50,40,75.073875,0.346326,-9.559000
ARC55_LFU45,ARC,55,LFU,45,40,74.821500,0.324304,-9.811375
ARC60_LFU40,ARC,60,LFU,40,40,74.662625,0.323487,-9.970250
ARC65_LFU35,ARC,65,LFU,35,40,74.546375,0.316894,-10.086500
ARC70_LFU30,ARC,70,LFU,30,40,74.518250,0.324192,-10.114625
ARC75_LFU25,ARC,75,LFU,25,40,74.466500,0.329129,-10.166375
ARC80_LFU20,ARC,80,LFU,20,40,74.471375,0.329689,-10.161500
ARC85_LFU15,ARC,85,LFU,15,40,74.623875,0.291692,-10.009000
ARC90_LFU10,ARC,90,LFU,10,40,74.806875,0.328410,-9.826000
ARC95_LFU5,ARC,95,LFU,5,40,75.124125,0.283775,-9.508750
ARC5_LIRS95,ARC,5,LIRS,95,40,74.816250,0.273718,-9.816625
ARC10_LIRS90,ARC,10,LIRS,90,40,74.507500,0.281903,-10.125375
ARC15_LIRS85,ARC,15,LIRS,85,40,74.299125,0.296321,-10.333750
ARC20_LIRS80,ARC,20,LIRS,80,40,74.825125,0.294339,-9.807750
ARC25_LIRS75,ARC,25,LIRS,75,40,74.863500,0.270930,-9.769375
ARC30_LIRS70,ARC,30,LIRS,70,40,74.658250,0.282141,-9.974625
ARC35_LIRS65,ARC,35,LIRS,65,40,74.502125,0.276419,-10.130750
ARC40_LIRS60,ARC,40,LIRS,60,40,74.343625,0.269748,-10.289250
ARC45_LIRS55,ARC,45,LIRS,55,40,74.211625,0.286849,-10.421250
ARC50_LIRS50,ARC,50,LIRS,50,40,74.116625,0.281084,-10.516250
ARC55_LIRS45,ARC,55,LIRS,45,40,74.098000,0.284735,-10.534875
ARC60_LIRS40,ARC,60,LIRS,40,40,74.133750,0.290600,-10.499125
ARC65_LIRS35,ARC,65,LIRS,35,40,74.234625,0.293990,-10.398250
ARC70_LIRS30,ARC,70,LIRS,30,40,74.334125,0.303952,-10.298750
ARC75_LIRS25,ARC,75,LIRS,25,40,74.462750,0.285338,-10.170125
ARC80_LIRS20,ARC,80,LIRS,20,40,74.580250,0.275686,-10.052625
ARC85_LIRS15,ARC,85,LIRS,15,40,74.773500,0.274344,-9.859375
ARC90_LIRS10,ARC,90,LIRS,10,40,74.968500,0.310488,-9.664375
ARC95_LIRS5,ARC,95,LIRS,5,40,75.205250,0.277902,-9.427625
2Q5_LRU95,2Q,5,LRU,95,40,75.445000,0.256205,-9.187875
2Q10_LRU90,2Q,10,LRU,90,40,75.159875,0.266387,-9.473000
2Q15_LRU85,2Q,15,LRU,85,40,74.896125,0.275352,-9.736750
2Q20_LRU80,2Q,20,LRU,80,40,74.794625,0.275998,-9.838250
2Q25_LRU75,2Q,25,LRU,75,40,74.672125,0.255405,-9.960750
2Q30_LRU70,2Q,30,LRU,70,40,74.561625,0.256121,-10.071250
2Q35_LRU65,2Q,35,LRU,65,40,74.454375,0.243782,-10.178500
2Q40_LRU60,2Q,40,LRU,60,40,74.482000,0.249226,-10.150875
2Q45_LRU55,2Q,45,LRU,55,40,74.425125,0.247647,-10.207750
2Q50_LRU50,2Q,50,LRU,50,40,74.363750,0.261604,-10.269125
2Q55_LRU45,2Q,55,LRU,45,40,74.343750,0.272848,-10.289125
2Q60_LRU40,2Q,60,LRU,40,40,74.257125,0.267589,-10.375750
2Q65_LRU35,2Q,65,LRU,35,40,74.161625,0.270947,-10.471250
2Q70_LRU30,2Q,70,LRU,30,40,74.079500,0.269933,-10.553375
2Q75_LRU25,2Q,75,LRU,25,40,73.963750,0.286378,-10.669125
2Q80_LRU20,2Q,80,LRU,20,40,73.173625,0.317829,-11.459250
2Q85_LRU15,2Q,85,LRU,15,40,70.680375,0.337795,-13.952500
2Q90_LRU10,2Q,90,LRU,10,40,69.984875,0.313094,-14.648000
2Q95_LRU5,2Q,95,LRU,5,40,70.796500,0.309375,-13.836375
2Q5_ARC95,2Q,5,ARC,95,40,75.108375,0.279155,-9.524500
2Q10_ARC90,2Q,10,ARC,90,40,74.912500,0.299724,-9.720375
2Q15_ARC85,2Q,15,ARC,85,40,74.705250,0.281709,-9.927625
2Q20_ARC80,2Q,20,ARC,80,40,74.615375,0.294991,-10.017500
2Q25_ARC75,2Q,25,ARC,75,40,74.493875,0.259875,-10.139000
2Q30_ARC70,2Q,30,ARC,70,40,74.427250,0.290878,-10.205625
2Q35_ARC65,2Q,35,ARC,65,40,74.318500,0.269311,-10.314375
2Q40_ARC60,2Q,40,ARC,60,40,74.352875,0.258794,-10.280000
2Q45_ARC55,2Q,45,ARC,55,40,74.394750,0.250883,-10.238125
2Q50_ARC50,2Q,50,ARC,50,40,74.455250,0.262217,-10.177625
2Q55_ARC45,2Q,55,ARC,45,40,74.628750,0.279431,-10.004125
2Q60_ARC40,2Q,60,ARC,40,40,74.679750,0.275087,-9.953125
2Q65_ARC35,2Q,65,ARC,35,40,74.717250,0.286112,-9.915625
2Q70_ARC30,2Q,70,ARC,30,40,74.433125,0.274970,-10.199750
2Q75_ARC25,2Q,75,ARC,25,40,74.253875,0.286492,-10.379000
2Q80_ARC20,2Q,80,ARC,20,40,73.991125,0.273635,-10.641750
2Q85_ARC15,2Q,85,ARC,15,40,71.636000,0.378723,-12.996875
2Q90_ARC10,2Q,90,ARC,10,40,69.984875,0.313094,-14.648000
2Q95_ARC5,2Q,95,ARC,5,40,70.796500,0.309375,-13.836375
2Q5_2Q95,2Q,5,2Q,95,40,71.931000,0.310013,-12.701875
2Q10_2Q90,2Q,10,2Q,90,40,73.938000,0.289962,-10.694875
2Q15_2Q85,2Q,15,2Q,85,40,74.538625,0.312660,-10.094250
2Q20_2Q80,2Q,20,2Q,80,40,74.684625,0.309444,-9.948250
2Q25_2Q75,2Q,25,2Q,75,40,73.866125,0.290171,-10.766750
2Q30_2Q70,2Q,30,2Q,70,40,73.204750,0.312338,-11.428125
2Q35_2Q65,2Q,35,2Q,65,40,71.480625,0.318852,-13.152250
2Q40_2Q60,2Q,40,2Q,60,40,70.269875,0.275466,-14.363000
2Q45_2Q55,2Q,45,2Q,55,40,67.924375,0.267074,-16.708500
2Q50_2Q50,2Q,50,2Q,50,40,66.238625,0.277392,-18.394250
2Q55_2Q45,2Q,55,2Q,45,40,66.338625,0.280371,-18.294250
2Q60_2Q40,2Q,60,2Q,40,40,66.805625,0.282494,-17.827250
2Q65_2Q35,2Q,65,2Q,35,40,67.328625,0.315164,-17.304250
2Q70_2Q30,2Q,70,2Q,30,40,67.928750,0.306190,-16.704125
2Q75_2Q25,2Q,75,2Q,25,40,68.237250,0.313142,-16.395625
2Q80_2Q20,2Q,80,2Q,20,40,68.909500,0.308933,-15.723375
2Q85_2Q15,2Q,85,2Q,15,40,69.651625,0.321468,-14.981250
2Q90_2Q10,2Q,90,2Q,10,40,69.984875,0.313094,-14.648000
2Q95_2Q5,2Q,95,2Q,5,40,70.796500,0.309375,-13.836375
2Q5_LFU95,2Q,5,LFU,95,40,57.944500,0.362905,-26.688375
2Q10_LFU90,2Q,10,LFU,90,40,67.104625,0.424215,-17.528250
2Q15_LFU85,2Q,15,LFU,85,40,69.797125,0.428927,-14.835750
2Q20_LFU80,2Q,20,LFU,80,40,70.369625,0.438940,-14.263250
2Q25_LFU75,2Q,25,LFU,75,40,70.485125,0.358180,-14.147750
2Q30_LFU70,2Q,30,LFU,70,40,70.296875,0.319931,-14.336000
2Q35_LFU65,2Q,35,LFU,65,40,70.061500,0.328675,-14.571375
2Q40_LFU60,2Q,40,LFU,60,40,69.760125,0.313141,-14.872750
2Q45_LFU55,2Q,45,LFU,55,40,69.545625,0.295540,-15.087250
2Q50_LFU50,2Q,50,LFU,50,40,69.320875,0.316673,-15.312000
2Q55_LFU45,2Q,55,LFU,45,40,69.109375,0.310779,-15.523500
2Q60_LFU40,2Q,60,LFU,40,40,69.094250,0.315081,-15.538625
2Q65_LFU35,2Q,65,LFU,35,40,69.097875,0.306445,-15.535000
2Q70_LFU30,2Q,70,LFU,30,40,69.237375,0.318741,-15.395500
2Q75_LFU25,2Q,75,LFU,25,40,69.138750,0.324657,-15.494125
2Q80_LFU20,2Q,80,LFU,20,40,69.409750,0.315891,-15.223125
2Q85_LFU15,2Q,85,LFU,15,40,69.779000,0.316453,-14.853875
2Q90_LFU10,2Q,90,LFU,10,40,69.984875,0.313094,-14.648000
2Q95_LFU5,2Q,95,LFU,5,40,70.796500,0.309375,-13.836375
2Q5_LIRS95,2Q,5,LIRS,95,40,74.917375,0.263439,-9.715500
2Q10_LIRS90,2Q,10,LIRS,90,40,74.672375,0.285659,-9.960500
2Q15_LIRS85,2Q,15,LIRS,85,40,74.299875,0.287506,-10.333000
2Q20_LIRS80,2Q,20,LIRS,80,40,73.964625,0.289638,-10.668250
2Q25_LIRS75,2Q,25,LIRS,75,40,73.474250,0.267367,-11.158625
2Q30_LIRS70,2Q,30,LIRS,70,40,72.846000,0.299147,-11.786875
2Q35_LIRS65,2Q,35,LIRS,65,40,71.891125,0.302525,-12.741750
2Q40_LIRS60,2Q,40,LIRS,60,40,71.238375,0.296459,-13.394500
2Q45_LIRS55,2Q,45,LIRS,55,40,69.800125,0.266274,-14.832750
2Q50_LIRS50,2Q,50,LIRS,50,40,68.585125,0.287557,-16.047750
2Q55_LIRS45,2Q,55,LIRS,45,40,68.121750,0.286604,-16.511125
2Q60_LIRS40,2Q,60,LIRS,40,40,67.711500,0.298220,-16.921375
2Q65_LIRS35,2Q,65,LIRS,35,40,68.021125,0.308176,-16.611750
2Q70_LIRS30,2Q,70,LIRS,30,40,68.405750,0.306919,-16.227125
2Q75_LIRS25,2Q,75,LIRS,25,40,68.528250,0.309968,-16.104625
2Q80_LIRS20,2Q,80,LIRS,20,40,69.039625,0.302531,-15.593250
2Q85_LIRS15,2Q,85,LIRS,15,40,69.690000,0.319145,-14.942875
2Q90_LIRS10,2Q,90,LIRS,10,40,69.991750,0.313820,-14.641125
2Q95_LIRS5,2Q,95,LIRS,5,40,70.797000,0.309368,-13.835875
LFU5_LRU95,LFU,5,LRU,95,40,75.884625,0.257324,-8.748250
LFU10_LRU90,LFU,10,LRU,90,40,76.043125,0.257522,-8.589750
LFU15_LRU85,LFU,15,LRU,85,40,76.216625,0.245914,-8.416250
LFU20_LRU80,LFU,20,LRU,80,40,76.396875,0.255565,-8.236000
LFU25_LRU75,LFU,25,LRU,75,40,76.539625,0.284335,-8.093250
LFU30_LRU70,LFU,30,LRU,70,40,76.631375,0.272982,-8.001500
LFU35_LRU65,LFU,35,LRU,65,40,76.693875,0.292464,-7.939000
LFU40_LRU60,LFU,40,LRU,60,40,76.737625,0.317308,-7.895250
LFU45_LRU55,LFU,45,LRU,55,40,76.782125,0.296410,-7.850750
LFU50_LRU50,LFU,50,LRU,50,40,76.816125,0.306771,-7.816750
LFU55_LRU45,LFU,55,LRU,45,40,76.867875,0.294357,-7.765000
LFU60_LRU40,LFU,60,LRU,40,40,76.856875,0.319711,-7.776000
LFU65_LRU35,LFU,65,LRU,35,40,76.816250,0.327823,-7.816625
LFU70_LRU30,LFU,70,LRU,30,40,76.743000,0.340796,-7.889875
LFU75_LRU25,LFU,75,LRU,25,40,76.690125,0.345071,-7.942750
LFU80_LRU20,LFU,80,LRU,20,40,76.544500,0.387721,-8.088375
LFU85_LRU15,LFU,85,LRU,15,40,75.251000,0.461682,-9.381875
LFU90_LRU10,LFU,90,LRU,10,40,69.663875,0.477797,-14.969000
LFU95_LRU5,LFU,95,LRU,5,40,58.149625,0.481533,-26.483250
LFU5_ARC95,LFU,5,ARC,95,40,75.523875,0.276031,-9.109000
LFU10_ARC90,LFU,10,ARC,90,40,75.718250,0.276907,-8.914625
LFU15_ARC85,LFU,15,ARC,85,40,75.924750,0.284639,-8.708125
LFU20_ARC80,LFU,20,ARC,80,40,76.186875,0.297909,-8.446000
LFU25_ARC75,LFU,25,ARC,75,40,76.368250,0.301014,-8.264625
LFU30_ARC70,LFU,30,ARC,70,40,76.483000,0.295298,-8.149875
LFU35_ARC65,LFU,35,ARC,65,40,76.580625,0.287354,-8.052250
LFU40_ARC60,LFU,40,ARC,60,40,76.633500,0.327614,-7.999375
LFU45_ARC55,LFU,45,ARC,55,40,76.731875,0.303143,-7.901000
LFU50_ARC50,LFU,50,ARC,50,40,76.790875,0.313984,-7.842000
LFU55_ARC45,LFU,55,ARC,45,40,76.811750,0.327988,-7.821125
LFU60_ARC40,LFU,60,ARC,40,40,76.811500,0.326301,-7.821375
LFU65_ARC35,LFU,65,ARC,35,40,76.819750,0.337855,-7.813125
LFU70_ARC30,LFU,70,ARC,30,40,76.712750,0.338984,-7.920125
LFU75_ARC25,LFU,75,ARC,25,40,76.626375,0.343422,-8.006500
LFU80_ARC20,LFU,80,ARC,20,40,76.166000,0.409343,-8.466875
LFU85_ARC15,LFU,85,ARC,15,40,73.694375,0.441283,-10.938500
LFU90_ARC10,LFU,90,ARC,10,40,68.684000,0.458721,-15.948875
LFU95_ARC5,LFU,95,ARC,5,40,58.296000,0.488295,-26.336875
LFU5_2Q95,LFU,5,2Q,95,40,71.205000,0.309425,-13.427875
LFU10_2Q90,LFU,10,2Q,90,40,70.890250,0.310644,-13.742625
LFU15_2Q85,LFU,15,2Q,85,40,71.089875,0.301703,-13.543000
LFU20_2Q80,LFU,20,2Q,80,40,70.854625,0.303481,-13.778250
LFU25_2Q75,LFU,25,2Q,75,40,70.639875,0.324649,-13.993000
LFU30_2Q70,LFU,30,2Q,70,40,70.811250,0.326209,-13.821625
LFU35_2Q65,LFU,35,2Q,65,40,70.540375,0.343323,-14.092500
LFU40_2Q60,LFU,40,2Q,60,40,70.363000,0.347638,-14.269875
LFU45_2Q55,LFU,45,2Q,55,40,70.245500,0.321291,-14.387375
LFU50_2Q50,LFU,50,2Q,50,40,70.390125,0.310546,-14.242750
LFU55_2Q45,LFU,55,2Q,45,40,70.319000,0.285523,-14.313875
LFU60_2Q40,LFU,60,2Q,40,40,70.224875,0.330827,-14.408000
LFU65_2Q35,LFU,65,2Q,35,40,70.338625,0.350114,-14.294250
LFU70_2Q30,LFU,70,2Q,30,40,70.175250,0.350951,-14.457625
LFU75_2Q25,LFU,75,2Q,25,40,70.080875,0.359124,-14.552000
LFU80_2Q20,LFU,80,2Q,20,40,69.800625,0.414352,-14.832250
LFU85_2Q15,LFU,85,2Q,15,40,69.124125,0.430334,-15.508750
LFU90_2Q10,LFU,90,2Q,10,40,66.236875,0.454572,-18.396000
LFU95_2Q5,LFU,95,2Q,5,40,56.823000,0.449914,-27.809875
LFU5_LFU95,LFU,5,LFU,95,40,47.367750,0.374602,-37.265125
LFU10_LFU90,LFU,10,LFU,90,40,47.322875,0.403445,-37.310000
LFU15_LFU85,LFU,15,LFU,85,40,47.237875,0.393573,-37.395000
LFU20_LFU80,LFU,20,LFU,80,40,47.120500,0.414651,-37.512375
LFU25_LFU75,LFU,25,LFU,75,40,46.997000,0.419891,-37.635875
LFU30_LFU70,LFU,30,LFU,70,40,46.937375,0.426236,-37.695500
LFU35_LFU65,LFU,35,LFU,65,40,46.856250,0.447875,-37.776625
LFU40_LFU60,LFU,40,LFU,60,40,46.747125,0.407111,-37.885750
LFU45_LFU55,LFU,45,LFU,55,40,46.665250,0.432879,-37.967625
LFU50_LFU50,LFU,50,LFU,50,40,46.618375,0.402125,-38.014500
LFU55_LFU45,LFU,55,LFU,45,40,46.534875,0.437876,-38.098000
LFU60_LFU40,LFU,60,LFU,40,40,46.298000,0.468073,-38.334875
LFU65_LFU35,LFU,65,LFU,35,40,46.203375,0.456220,-38.429500
LFU70_LFU30,LFU,70,LFU,30,40,46.009750,0.515282,-38.623125
LFU75_LFU25,LFU,75,LFU,25,40,45.762375,0.471957,-38.870500
LFU80_LFU20,LFU,80,LFU,20,40,45.605125,0.520428,-39.027750
LFU85_LFU15,LFU,85,LFU,15,40,45.570625,0.502426,-39.062250
LFU90_LFU10,LFU,90,LFU,10,40,45.705500,0.426580,-38.927375
LFU95_LFU5,LFU,95,LFU,5,40,45.966125,0.424195,-38.666750
LFU5_LIRS95,LFU,5,LIRS,95,40,75.262625,0.266489,-9.370250
LFU10_LIRS90,LFU,10,LIRS,90,40,75.421250,0.267483,-9.211625
LFU15_LIRS85,LFU,15,LIRS,85,40,75.587500,0.263789,-9.045375
LFU20_LIRS80,LFU,20,LIRS,80,40,75.733875,0.268124,-8.899000
LFU25_LIRS75,LFU,25,LIRS,75,40,75.821875,0.289968,-8.811000
LFU30_LIRS70,LFU,30,LIRS,70,40,75.842500,0.275365,-8.790375
LFU35_LIRS65,LFU,35,LIRS,65,40,75.787250,0.299045,-8.845625
LFU40_LIRS60,LFU,40,LIRS,60,40,75.672750,0.302960,-8.960125
LFU45_LIRS55,LFU,45,LIRS,55,40,75.523250,0.309409,-9.109625
LFU50_LIRS50,LFU,50,LIRS,50,40,75.313125,0.303787,-9.319750
LFU55_LIRS45,LFU,55,LIRS,45,40,75.068000,0.292861,-9.564875
LFU60_LIRS40,LFU,60,LIRS,40,40,74.732375,0.298253,-9.900500
LFU65_LIRS35,LFU,65,LIRS,35,40,74.307875,0.334405,-10.325000
LFU70_LIRS30,LFU,70,LIRS,30,40,73.811125,0.334567,-10.821750
LFU75_LIRS25,LFU,75,LIRS,25,40,73.282750,0.331068,-11.350125
LFU80_LIRS20,LFU,80,LIRS,20,40,72.741375,0.380029,-11.891500
LFU85_LIRS15,LFU,85,LIRS,15,40,72.079625,0.394022,-12.553250
LFU90_LIRS10,LFU,90,LIRS,10,40,69.996875,0.391862,-14.636000
LFU95_LIRS5,LFU,95,LIRS,5,40,59.179500,0.476933,-25.453375
LIRS5_LRU95,LIRS,5,LRU,95,40,75.431000,0.262991,-9.201875
LIRS10_LRU90,LIRS,10,LRU,90,40,75.083875,0.280719,-9.549000
LIRS15_LRU85,LIRS,15,LRU,85,40,74.610750,0.287028,-10.022125
LIRS20_LRU80,LIRS,20,LRU,80,40,74.174000,0.284727,-10.458875
LIRS25_LRU75,LIRS,25,LRU,75,40,73.868125,0.276662,-10.764750
LIRS30_LRU70,LIRS,30,LRU,70,40,73.696625,0.279669,-10.936250
LIRS35_LRU65,LIRS,35,LRU,65,40,73.629625,0.280118,-11.003250
LIRS40_LRU60,LIRS,40,LRU,60,40,73.672500,0.278172,-10.960375
LIRS45_LRU55,LIRS,45,LRU,55,40,73.786750,0.276516,-10.846125
LIRS50_LRU50,LIRS,50,LRU,50,40,73.928750,0.271449,-10.704125
LIRS55_LRU45,LIRS,55,LRU,45,40,74.035125,0.287359,-10.597750
LIRS60_LRU40,LIRS,60,LRU,40,40,74.137125,0.290446,-10.495750
LIRS65_LRU35,LIRS,65,LRU,35,40,74.205875,0.274574,-10.427000
LIRS70_LRU30,LIRS,70,LRU,30,40,74.262250,0.278324,-10.370625
LIRS75_LRU25,LIRS,75,LRU,25,40,74.291875,0.291281,-10.341000
LIRS80_LRU20,LIRS,80,LRU,20,40,74.291000,0.278766,-10.341875
LIRS85_LRU15,LIRS,85,LRU,15,40,74.247125,0.283064,-10.385750
LIRS90_LRU10,LIRS,90,LRU,10,40,74.565875,0.285419,-10.067000
LIRS95_LRU5,LIRS,95,LRU,5,40,74.913250,0.272396,-9.719625
LIRS5_ARC95,LIRS,5,ARC,95,40,75.073625,0.292905,-9.559250
LIRS10_ARC90,LIRS,10,ARC,90,40,74.773250,0.303386,-9.859625
LIRS15_ARC85,LIRS,15,ARC,85,40,74.453625,0.291336,-10.179250
LIRS20_ARC80,LIRS,20,ARC,80,40,74.124875,0.285663,-10.508000
LIRS25_ARC75,LIRS,25,ARC,75,40,73.857250,0.303543,-10.775625
LIRS30_ARC70,LIRS,30,ARC,70,40,73.634250,0.320809,-10.998625
LIRS35_ARC65,LIRS,35,ARC,65,40,73.529125,0.290406,-11.103750
LIRS40_ARC60,LIRS,40,ARC,60,40,73.511375,0.293947,-11.121500
LIRS45_ARC55,LIRS,45,ARC,55,40,73.566625,0.285009,-11.066250
LIRS50_ARC50,LIRS,50,ARC,50,40,73.681250,0.275341,-10.951625
LIRS55_ARC45,LIRS,55,ARC,45,40,73.812000,0.294363,-10.820875
LIRS60_ARC40,LIRS,60,ARC,40,40,73.913375,0.283821,-10.719500
LIRS65_ARC35,LIRS,65,ARC,35,40,73.983750,0.297741,-10.649125
LIRS70_ARC30,LIRS,70,ARC,30,40,74.088125,0.274277,-10.544750
LIRS75_ARC25,LIRS,75,ARC,25,40,74.146750,0.293888,-10.486125
LIRS80_ARC20,LIRS,80,ARC,20,40,74.235250,0.289250,-10.397625
LIRS85_ARC15,LIRS,85,ARC,15,40,74.275250,0.291594,-10.357625
LIRS90_ARC10,LIRS,90,ARC,10,40,74.565875,0.285419,-10.067000
LIRS95_ARC5,LIRS,95,ARC,5,40,74.913250,0.272396,-9.719625
LIRS5_2Q95,LIRS,5,2Q,95,40,71.468125,0.333979,-13.164750
LIRS10_2Q90,LIRS,10,2Q,90,40,74.396750,0.330510,-10.236125
LIRS15_2Q85,LIRS,15,2Q,85,40,76.075625,0.298819,-8.557250
LIRS20_2Q80,LIRS,20,2Q,80,40,75.279250,0.289687,-9.353625
LIRS25_2Q75,LIRS,25,2Q,75,40,74.421125,0.292856,-10.211750
LIRS30_2Q70,LIRS,30,2Q,70,40,73.999125,0.291327,-10.633750
LIRS35_2Q65,LIRS,35,2Q,65,40,73.049875,0.290014,-11.583000
LIRS40_2Q60,LIRS,40,2Q,60,40,72.202500,0.284152,-12.430375
LIRS45_2Q55,LIRS,45,2Q,55,40,71.782875,0.301128,-12.850000
LIRS50_2Q50,LIRS,50,2Q,50,40,72.053500,0.296964,-12.579375
LIRS55_2Q45,LIRS,55,2Q,45,40,72.389250,0.307662,-12.243625
LIRS60_2Q40,LIRS,60,2Q,40,40,72.855625,0.276329,-11.777250
LIRS65_2Q35,LIRS,65,2Q,35,40,73.308625,0.309020,-11.324250
LIRS70_2Q30,LIRS,70,2Q,30,40,73.746125,0.325508,-10.886750
LIRS75_2Q25,LIRS,75,2Q,25,40,73.424500,0.307206,-11.208375
LIRS80_2Q20,LIRS,80,2Q,20,40,73.820875,0.285655,-10.812000
LIRS85_2Q15,LIRS,85,2Q,15,40,74.212625,0.282276,-10.420250
LIRS90_2Q10,LIRS,90,2Q,10,40,74.565875,0.285419,-10.067000
LIRS95_2Q5,LIRS,95,2Q,5,40,74.913250,0.272396,-9.719625
LIRS5_LFU95,LIRS,5,LFU,95,40,60.507500,0.387527,-24.125375
LIRS10_LFU90,LIRS,10,LFU,90,40,71.321375,0.407585,-13.311500
LIRS15_LFU85,LIRS,15,LFU,85,40,73.115875,0.356843,-11.517000
LIRS20_LFU80,LIRS,20,LFU,80,40,73.300375,0.332244,-11.332500
LIRS25_LFU75,LIRS,25,LFU,75,40,73.451000,0.337103,-11.181875
LIRS30_LFU70,LIRS,30,LFU,70,40,73.590375,0.323838,-11.042500
LIRS35_LFU65,LIRS,35,LFU,65,40,73.603250,0.283163,-11.029625
LIRS40_LFU60,LIRS,40,LFU,60,40,73.569000,0.336987,-11.063875
LIRS45_LFU55,LIRS,45,LFU,55,40,73.557375,0.350957,-11.075500
LIRS50_LFU50,LIRS,50,LFU,50,40,73.593500,0.316029,-11.039375
LIRS55_LFU45,LIRS,55,LFU,45,40,73.676125,0.267494,-10.956750
LIRS60_LFU40,LIRS,60,LFU,40,40,73.754750,0.237711,-10.878125
LIRS65_LFU35,LIRS,65,LFU,35,40,73.882875,0.263847,-10.750000
LIRS70_LFU30,LIRS,70,LFU,30,40,73.935875,0.267119,-10.697000
LIRS75_LFU25,LIRS,75,LFU,25,40,74.039125,0.274658,-10.593750
LIRS80_LFU20,LIRS,80,LFU,20,40,74.115750,0.284633,-10.517125
LIRS85_LFU15,LIRS,85,LFU,15,40,74.240000,0.288093,-10.392875
LIRS90_LFU10,LIRS,90,LFU,10,40,74.565875,0.285419,-10.067000
LIRS95_LFU5,LIRS,95,LFU,5,40,74.913250,0.272396,-9.719625
LIRS5_LIRS95,LIRS,5,LIRS,95,40,74.848875,0.269963,-9.784000
LIRS10_LIRS90,LIRS,10,LIRS,90,40,74.661000,0.279173,-9.971875
LIRS15_LIRS85,LIRS,15,LIRS,85,40,74.579875,0.277857,-10.053000
LIRS20_LIRS80,LIRS,20,LIRS,80,40,74.297250,0.274102,-10.335625
LIRS25_LIRS75,LIRS,25,LIRS,75,40,73.968250,0.280765,-10.664625
LIRS30_LIRS70,LIRS,30,LIRS,70,40,73.686125,0.297667,-10.946750
LIRS35_LIRS65,LIRS,35,LIRS,65,40,73.381125,0.288205,-11.251750
LIRS40_LIRS60,LIRS,40,LIRS,60,40,73.102500,0.291548,-11.530375
LIRS45_LIRS55,LIRS,45,LIRS,55,40,72.843000,0.301336,-11.789875
LIRS50_LIRS50,LIRS,50,LIRS,50,40,72.574375,0.304766,-12.058500
LIRS55_LIRS45,LIRS,55,LIRS,45,40,72.567375,0.318894,-12.065500
LIRS60_LIRS40,LIRS,60,LIRS,40,40,72.798750,0.316043,-11.834125
LIRS65_LIRS35,LIRS,65,LIRS,35,40,73.088125,0.308320,-11.544750
LIRS70_LIRS30,LIRS,70,LIRS,30,40,73.355625,0.301386,-11.277250
LIRS75_LIRS25,LIRS,75,LIRS,25,40,73.632375,0.295294,-11.000500
LIRS80_LIRS20,LIRS,80,LIRS,20,40,73.943250,0.285914,-10.689625
LIRS85_LIRS15,LIRS,85,LIRS,15,40,74.252875,0.286468,-10.380000
LIRS90_LIRS10,LIRS,90,LIRS,10,40,74.572875,0.286611,-10.060000
LIRS95_LIRS5,LIRS,95,LIRS,5,40,74.913500,0.272355,-9.719375
