kind,capacity,config,levels,datasets,mean_hits,mean_hit_rate_percent,variance_hit_rate_percentage_points_squared,stddev_hit_rate_percentage_points,min_hit_rate_percent,max_hit_rate_percent
hotshift,10,2Q_10,1,40,9274.000,46.370000,0.253942,0.503927,44.875000,47.300000
hotshift,10,ARC_10,1,40,10399.925,51.999625,0.141545,0.376225,51.265000,52.740000
hotshift,10,BELADY_10,1,40,13425.550,67.127750,0.074799,0.273493,66.505000,67.615000
hotshift,10,LFU_10,1,40,1277.675,6.388375,0.022721,0.150735,6.070000,6.760000
hotshift,10,LIRS_10,1,40,10936.625,54.683125,0.117021,0.342084,53.915000,55.220000
hotshift,10,LRU_10,1,40,10432.725,52.163625,0.162920,0.403634,51.325000,53.140000
hotshift,25,2Q_25,1,40,11072.125,55.360625,0.095510,0.309048,54.705000,55.910000
hotshift,25,ARC_25,1,40,13532.600,67.663000,0.103583,0.321843,66.960000,68.265000
hotshift,25,BELADY_25,1,40,14456.925,72.284625,0.050083,0.223791,71.845000,72.665000
hotshift,25,LFU_25,1,40,1283.050,6.415250,0.023537,0.153418,6.095000,6.745000
hotshift,25,LIRS_25,1,40,12275.075,61.375375,0.096712,0.310986,60.690000,61.950000
hotshift,25,LRU_25,1,40,13619.550,68.097750,0.087287,0.295444,67.470000,68.635000
hotshift,50,2Q_50,1,40,11343.625,56.718125,0.097303,0.311935,56.120000,57.300000
hotshift,50,ARC_50,1,40,13617.150,68.085750,0.139697,0.373760,67.220000,68.710000
hotshift,50,BELADY_50,1,40,15084.525,75.422625,0.037127,0.192683,75.055000,75.795000
hotshift,50,LFU_50,1,40,1290.875,6.454375,0.024644,0.156984,6.135000,6.800000
hotshift,50,LIRS_50,1,40,13118.625,65.593125,0.093562,0.305880,64.990000,66.180000
hotshift,50,LRU_50,1,40,13781.575,68.907875,0.067629,0.260056,68.375000,69.400000
hotshift,75,2Q_75,1,40,11708.725,58.543625,0.112879,0.335975,57.950000,59.155000
hotshift,75,ARC_75,1,40,13768.075,68.840375,0.117329,0.342533,68.220000,69.560000
hotshift,75,BELADY_75,1,40,15497.925,77.489625,0.030366,0.174258,77.145000,77.795000
hotshift,75,LFU_75,1,40,1299.525,6.497625,0.027667,0.166333,6.135000,6.885000
hotshift,75,LIRS_75,1,40,13576.075,67.880375,0.085271,0.292012,67.190000,68.470000
hotshift,75,LRU_75,1,40,13930.225,69.651125,0.063113,0.251224,69.150000,70.120000
hotshift,100,2Q_100,1,40,12446.125,62.230625,0.177105,0.420839,61.505000,63.290000
hotshift,100,ARC_100,1,40,13972.250,69.861250,0.146093,0.382221,68.915000,70.530000
hotshift,100,BELADY_100,1,40,15818.600,79.093000,0.022109,0.148690,78.790000,79.370000
hotshift,100,LFU_100,1,40,1307.700,6.538500,0.034473,0.185670,6.190000,7.015000
hotshift,100,LIRS_100,1,40,13777.325,68.886625,0.068909,0.262506,68.245000,69.365000
hotshift,100,LRU20_2Q80,2,40,14022.525,70.112625,0.125001,0.353555,69.345000,70.790000
hotshift,100,LRU20_ARC80,2,40,14109.900,70.549500,0.097750,0.312650,69.910000,71.270000
hotshift,100,LRU20_LFU80,2,40,13909.675,69.548375,0.118709,0.344542,68.780000,70.245000
hotshift,100,LRU20_LIRS80,2,40,14116.750,70.583750,0.110200,0.331963,69.695000,71.235000
hotshift,100,LRU_100,1,40,14076.125,70.380625,0.059763,0.244465,69.945000,70.785000
hotshift,125,2Q_125,1,40,13349.500,66.747500,0.217806,0.466697,65.940000,67.695000
hotshift,125,ARC_125,1,40,14283.125,71.415625,0.173823,0.416921,70.680000,72.240000
hotshift,125,BELADY_125,1,40,16073.475,80.367375,0.016363,0.127917,80.115000,80.685000
hotshift,125,LFU_125,1,40,1321.875,6.609375,0.039622,0.199053,6.265000,7.190000
hotshift,125,LIRS_125,1,40,13898.625,69.493125,0.064824,0.254605,68.840000,69.945000
hotshift,125,LRU_125,1,40,14219.175,71.095875,0.054945,0.234403,70.595000,71.440000
hotshift,150,2Q_150,1,40,14733.875,73.669375,0.147271,0.383759,72.980000,74.425000
hotshift,150,ARC_150,1,40,14641.000,73.205000,0.105710,0.325131,72.450000,74.050000
hotshift,150,BELADY_150,1,40,16303.400,81.517000,0.014331,0.119710,81.255000,81.785000
hotshift,150,LFU_150,1,40,1345.550,6.727750,0.050600,0.224944,6.355000,7.315000
hotshift,150,LIRS_150,1,40,14005.100,70.025500,0.061318,0.247624,69.445000,70.455000
hotshift,150,LRU_150,1,40,14360.875,71.804375,0.054195,0.232798,71.330000,72.180000
hotshift,175,2Q_175,1,40,15078.900,75.394500,0.060487,0.245941,74.910000,75.810000
hotshift,175,ARC_175,1,40,14982.025,74.910125,0.064393,0.253758,74.430000,75.555000
hotshift,175,BELADY_175,1,40,16497.200,82.486000,0.012214,0.110519,82.210000,82.695000
hotshift,175,LFU_175,1,40,1376.275,6.881375,0.050013,0.223635,6.450000,7.380000
hotshift,175,LIRS_175,1,40,14114.025,70.570125,0.054957,0.234429,70.030000,70.955000
hotshift,175,LRU_175,1,40,14498.000,72.490000,0.048738,0.220768,72.045000,72.910000
hotshift,200,2Q_200,1,40,15284.725,76.423625,0.051708,0.227393,75.880000,76.765000
hotshift,200,ARC_200,1,40,15109.600,75.548000,0.057328,0.239433,74.965000,75.995000
hotshift,200,BELADY_200,1,40,16660.750,83.303750,0.009179,0.095808,83.075000,83.480000
hotshift,200,LFU_200,1,40,1410.175,7.050875,0.057393,0.239569,6.600000,7.510000
hotshift,200,LIRS_200,1,40,14226.100,71.130500,0.055706,0.236022,70.615000,71.560000
hotshift,200,LRU_200,1,40,14632.050,73.160250,0.046754,0.216226,72.710000,73.580000
hotshift20,10,2Q_10,1,40,7094.325,35.471625,0.123739,0.351765,34.795000,36.120000
hotshift20,10,ARC_10,1,40,10992.200,54.961000,0.105921,0.325455,54.305000,55.630000
hotshift20,10,BELADY_10,1,40,11686.900,58.434500,0.065051,0.255051,57.920000,58.865000
hotshift20,10,LFU_10,1,40,2464.300,12.321500,0.062239,0.249477,11.580000,12.905000
hotshift20,10,LIRS_10,1,40,8698.150,43.490750,0.165040,0.406252,42.605000,44.100000
hotshift20,10,LRU_10,1,40,11187.300,55.936500,0.082586,0.287378,55.285000,56.490000
hotshift20,25,2Q_25,1,40,8360.300,41.801500,0.143505,0.378821,41.070000,42.410000
hotshift20,25,ARC_25,1,40,11191.875,55.959375,0.092450,0.304056,55.400000,56.550000
hotshift20,25,BELADY_25,1,40,12279.675,61.398375,0.049190,0.221789,60.990000,61.755000
hotshift20,25,LFU_25,1,40,2472.575,12.362875,0.062918,0.250834,11.610000,12.980000
hotshift20,25,LIRS_25,1,40,10454.000,52.270000,0.171328,0.413918,51.410000,53.135000
hotshift20,25,LRU_25,1,40,11272.525,56.362625,0.075626,0.275001,55.790000,56.860000
hotshift20,50,2Q_50,1,40,10716.650,53.583250,0.139652,0.373700,52.815000,54.385000
hotshift20,50,ARC_50,1,40,11397.875,56.989375,0.090007,0.300011,56.410000,57.645000
hotshift20,50,BELADY_50,1,40,12837.600,64.188000,0.038077,0.195132,63.810000,64.540000
hotshift20,50,LFU_50,1,40,2491.425,12.457125,0.057958,0.240744,11.720000,13.055000
hotshift20,50,LIRS_50,1,40,11225.700,56.128500,0.080691,0.284062,55.500000,56.610000
hotshift20,50,LRU_50,1,40,11382.775,56.913875,0.071385,0.267180,56.355000,57.405000
hotshift20,75,2Q_75,1,40,11778.250,58.891250,0.076214,0.276068,58.285000,59.500000
hotshift20,75,ARC_75,1,40,11597.900,57.989500,0.076723,0.276989,57.450000,58.495000
hotshift20,75,BELADY_75,1,40,13224.900,66.124500,0.029734,0.172437,65.795000,66.450000
hotshift20,75,LFU_75,1,40,2507.900,12.539500,0.066207,0.257308,11.730000,13.105000
hotshift20,75,LIRS_75,1,40,11288.900,56.444500,0.069251,0.263156,55.910000,56.955000
hotshift20,75,LRU_75,1,40,11493.475,57.467375,0.071315,0.267049,56.950000,57.975000
hotshift20,100,2Q_100,1,40,12027.100,60.135500,0.059915,0.244776,59.545000,60.595000
hotshift20,100,ARC_100,1,40,11800.675,59.003375,0.089866,0.299776,58.380000,59.550000
hotshift20,100,BELADY_100,1,40,13528.550,67.642750,0.023114,0.152033,67.385000,67.925000
hotshift20,100,LFU_100,1,40,2517.725,12.588625,0.071470,0.267340,11.780000,13.105000
hotshift20,100,LIRS_100,1,40,11345.900,56.729500,0.065416,0.255766,56.160000,57.190000
hotshift20,100,LRU20_2Q80,2,40,11853.500,59.267500,0.065329,0.255596,58.765000,59.790000
hotshift20,100,LRU20_ARC80,2,40,11953.575,59.767875,0.066869,0.258591,59.235000,60.210000
hotshift20,100,LRU20_LFU80,2,40,11837.475,59.187375,0.075240,0.274299,58.685000,59.755000
hotshift20,100,LRU20_LIRS80,2,40,11882.025,59.410125,0.069204,0.263067,58.770000,59.915000
hotshift20,100,LRU_100,1,40,11599.675,57.998375,0.060540,0.246049,57.545000,58.435000
hotshift20,125,2Q_125,1,40,12225.250,61.126250,0.065475,0.255881,60.510000,61.605000
hotshift20,125,ARC_125,1,40,11994.975,59.974875,0.056417,0.237523,59.435000,60.515000
hotshift20,125,BELADY_125,1,40,13776.325,68.881625,0.016458,0.128289,68.670000,69.130000
hotshift20,125,LFU_125,1,40,2532.450,12.662250,0.081447,0.285390,11.835000,13.140000
hotshift20,125,LIRS_125,1,40,11407.000,57.035000,0.063103,0.251202,56.490000,57.485000
hotshift20,125,LRU_125,1,40,11705.100,58.525500,0.062560,0.250120,58.040000,58.945000
hotshift20,150,2Q_150,1,40,12424.450,62.122250,0.060358,0.245678,61.790000,62.670000
hotshift20,150,ARC_150,1,40,12178.325,60.891625,0.072263,0.268818,60.295000,61.445000
hotshift20,150,BELADY_150,1,40,13998.175,69.990875,0.015150,0.123085,69.785000,70.255000
hotshift20,150,LFU_150,1,40,2556.200,12.781000,0.097350,0.312010,11.895000,13.415000
hotshift20,150,LIRS_150,1,40,11473.475,57.367375,0.064108,0.253195,56.820000,57.785000
hotshift20,150,LRU_150,1,40,11808.825,59.044125,0.057001,0.238749,58.540000,59.420000
hotshift20,175,2Q_175,1,40,12619.325,63.096625,0.064739,0.254439,62.675000,63.625000
hotshift20,175,ARC_175,1,40,12325.725,61.628625,0.060629,0.246231,61.280000,62.220000
hotshift20,175,BELADY_175,1,40,14185.050,70.925250,0.011924,0.109198,70.665000,71.130000
hotshift20,175,LFU_175,1,40,2582.725,12.913625,0.099462,0.315375,12.040000,13.575000
hotshift20,175,LIRS_175,1,40,11541.075,57.705375,0.064993,0.254937,57.110000,58.165000
hotshift20,175,LRU_175,1,40,11908.525,59.542625,0.050320,0.224322,59.070000,59.900000
hotshift20,200,2Q_200,1,40,12810.525,64.052625,0.072358,0.268994,63.460000,64.615000
hotshift20,200,ARC_200,1,40,12431.925,62.159625,0.053481,0.231260,61.790000,62.695000
hotshift20,200,BELADY_200,1,40,14343.200,71.716000,0.009636,0.098164,71.475000,71.890000
hotshift20,200,LFU_200,1,40,2615.500,13.077500,0.105394,0.324644,12.200000,13.750000
hotshift20,200,LIRS_200,1,40,11613.025,58.065125,0.059247,0.243407,57.520000,58.515000
hotshift20,200,LRU_200,1,40,12008.050,60.040250,0.053068,0.230365,59.580000,60.450000
hotshift400,10,2Q_10,1,40,6827.750,34.138750,0.169804,0.412072,33.115000,34.965000
hotshift400,10,ARC_10,1,40,6760.175,33.800875,0.107100,0.327261,33.050000,34.580000
hotshift400,10,BELADY_10,1,40,11556.350,57.781750,0.067501,0.259809,57.220000,58.215000
hotshift400,10,LFU_10,1,40,639.375,3.196875,0.011634,0.107862,2.950000,3.495000
hotshift400,10,LIRS_10,1,40,7105.100,35.525500,0.107564,0.327969,34.800000,36.265000
hotshift400,10,LRU_10,1,40,6060.750,30.303750,0.105506,0.324817,29.750000,30.975000
hotshift400,25,2Q_25,1,40,13617.100,68.085500,0.155218,0.393977,67.270000,68.950000
hotshift400,25,ARC_25,1,40,14031.825,70.159125,0.145640,0.381628,69.270000,70.935000
hotshift400,25,BELADY_25,1,40,15485.500,77.427500,0.063762,0.252510,76.925000,77.865000
hotshift400,25,LFU_25,1,40,640.025,3.200125,0.011890,0.109043,2.950000,3.495000
hotshift400,25,LIRS_25,1,40,14175.000,70.875000,0.110374,0.332226,69.985000,71.555000
hotshift400,25,LRU_25,1,40,12765.225,63.826125,0.248574,0.498572,62.825000,64.600000
hotshift400,50,2Q_50,1,40,14110.575,70.552875,0.075482,0.274740,69.930000,71.105000
hotshift400,50,ARC_50,1,40,15139.225,75.696125,0.087730,0.296193,74.975000,76.270000
hotshift400,50,BELADY_50,1,40,16361.175,81.805875,0.043183,0.207806,81.415000,82.180000
hotshift400,50,LFU_50,1,40,646.525,3.232625,0.012729,0.112825,2.990000,3.540000
hotshift400,50,LIRS_50,1,40,14645.350,73.226750,0.089684,0.299473,72.485000,73.875000
hotshift400,50,LRU_50,1,40,15259.125,76.295625,0.085512,0.292424,75.665000,76.835000
hotshift400,75,2Q_75,1,40,14227.625,71.138125,0.074861,0.273608,70.490000,71.620000
hotshift400,75,ARC_75,1,40,15414.400,77.072000,0.089301,0.298833,76.540000,77.560000
hotshift400,75,BELADY_75,1,40,16837.775,84.188875,0.033549,0.183165,83.805000,84.505000
hotshift400,75,LFU_75,1,40,670.925,3.354625,0.019652,0.140185,3.000000,3.680000
hotshift400,75,LIRS_75,1,40,14994.775,74.973875,0.083253,0.288536,74.175000,75.490000
hotshift400,75,LRU_75,1,40,15469.025,77.345125,0.064552,0.254071,76.895000,77.790000
hotshift400,100,2Q_100,1,40,14380.275,71.901375,0.072556,0.269363,71.245000,72.310000
hotshift400,100,ARC_100,1,40,15582.700,77.913500,0.125059,0.353637,77.260000,78.655000
hotshift400,100,BELADY_100,1,40,17190.550,85.952750,0.027752,0.166591,85.645000,86.250000
hotshift400,100,LFU_100,1,40,716.350,3.581750,0.027966,0.167231,3.290000,3.940000
hotshift400,100,LIRS_100,1,40,15280.775,76.403875,0.084362,0.290452,75.660000,76.920000
hotshift400,100,LRU20_2Q80,2,40,14258.425,71.292125,0.075081,0.274008,70.610000,71.760000
hotshift400,100,LRU20_ARC80,2,40,15435.950,77.179750,0.105274,0.324460,76.540000,77.865000
hotshift400,100,LRU20_LFU80,2,40,11096.350,55.481750,0.233720,0.483446,54.560000,56.290000
hotshift400,100,LRU20_LIRS80,2,40,14434.850,72.174250,0.067485,0.259779,71.485000,72.620000
hotshift400,100,LRU_100,1,40,15653.825,78.269125,0.059749,0.244435,77.730000,78.635000
hotshift400,125,2Q_125,1,40,14537.625,72.688125,0.076153,0.275959,72.075000,73.165000
hotshift400,125,ARC_125,1,40,15837.500,79.187500,0.232841,0.482536,78.215000,80.075000
hotshift400,125,BELADY_125,1,40,17468.850,87.344250,0.020105,0.141791,87.090000,87.670000
hotshift400,125,LFU_125,1,40,780.775,3.903875,0.052137,0.228334,3.520000,4.345000
hotshift400,125,LIRS_125,1,40,15539.925,77.699625,0.075985,0.275654,77.010000,78.095000
hotshift400,125,LRU_125,1,40,15862.750,79.313750,0.060170,0.245296,78.795000,79.705000
hotshift400,150,2Q_150,1,40,14716.300,73.581500,0.078396,0.279994,72.925000,74.105000
hotshift400,150,ARC_150,1,40,16082.925,80.414625,0.156872,0.396071,79.355000,81.015000
hotshift400,150,BELADY_150,1,40,17708.425,88.542125,0.014655,0.121058,88.305000,88.790000
hotshift400,150,LFU_150,1,40,862.950,4.314750,0.066799,0.258454,3.665000,4.795000
hotshift400,150,LIRS_150,1,40,15773.675,78.868375,0.066849,0.258552,78.255000,79.290000
hotshift400,150,LRU_150,1,40,16050.400,80.252000,0.052309,0.228711,79.740000,80.675000
hotshift400,175,2Q_175,1,40,14922.850,74.614250,0.064328,0.253629,74.010000,75.120000
hotshift400,175,ARC_175,1,40,16436.400,82.182000,0.057078,0.238910,81.755000,82.760000
hotshift400,175,BELADY_175,1,40,17916.950,89.584750,0.013358,0.115575,89.330000,89.810000
hotshift400,175,LFU_175,1,40,970.400,4.852000,0.081525,0.285527,4.100000,5.495000
hotshift400,175,LIRS_175,1,40,15956.600,79.783000,0.070810,0.266101,79.215000,80.295000
hotshift400,175,LRU_175,1,40,16217.625,81.088125,0.048184,0.219509,80.585000,81.555000
hotshift400,200,2Q_200,1,40,15155.100,75.775500,0.072606,0.269455,75.240000,76.405000
hotshift400,200,ARC_200,1,40,16599.550,82.997750,0.051900,0.227816,82.435000,83.355000
hotshift400,200,BELADY_200,1,40,18093.200,90.466000,0.009868,0.099339,90.210000,90.665000
hotshift400,200,LFU_200,1,40,1085.225,5.426125,0.071976,0.268284,4.845000,6.000000
hotshift400,200,LIRS_200,1,40,16127.800,80.639000,0.065090,0.255127,80.130000,81.090000
hotshift400,200,LRU_200,1,40,16416.175,82.080875,0.048424,0.220055,81.570000,82.550000
mixed,10,2Q_10,1,40,10140.700,50.703500,0.139137,0.373011,49.820000,51.540000
mixed,10,ARC_10,1,40,10518.775,52.593875,0.157767,0.397199,51.930000,53.455000
mixed,10,BELADY_10,1,40,13036.450,65.182250,0.080196,0.283189,64.610000,65.850000
mixed,10,LFU_10,1,40,6360.250,31.801250,0.538565,0.733870,29.865000,32.990000
mixed,10,LIRS_10,1,40,10778.450,53.892250,0.137291,0.370528,53.135000,54.630000
mixed,10,LRU_10,1,40,9662.525,48.312625,0.175562,0.419001,47.430000,49.125000
mixed,25,2Q_25,1,40,12223.025,61.115125,0.096352,0.310406,60.490000,61.850000
mixed,25,ARC_25,1,40,13383.450,66.917250,0.089283,0.298803,66.430000,67.630000
mixed,25,BELADY_25,1,40,14837.100,74.185500,0.051801,0.227598,73.765000,74.685000
mixed,25,LFU_25,1,40,7754.950,38.774750,0.345714,0.587975,37.445000,39.780000
mixed,25,LIRS_25,1,40,12761.700,63.808500,0.094252,0.307004,63.175000,64.485000
mixed,25,LRU_25,1,40,12918.950,64.594750,0.101022,0.317839,64.075000,65.360000
mixed,50,2Q_50,1,40,13084.975,65.424875,0.081645,0.285737,64.815000,66.000000
mixed,50,ARC_50,1,40,14263.025,71.315125,0.101692,0.318891,70.640000,71.960000
mixed,50,BELADY_50,1,40,15921.275,79.606375,0.036603,0.191318,79.220000,80.175000
mixed,50,LFU_50,1,40,8544.400,42.722000,0.168046,0.409934,41.860000,43.510000
mixed,50,LIRS_50,1,40,14027.400,70.137000,0.091204,0.301999,69.565000,70.755000
mixed,50,LRU_50,1,40,14081.150,70.405750,0.098653,0.314091,69.835000,71.120000
mixed,75,2Q_75,1,40,13644.050,68.220250,0.099435,0.315332,67.665000,68.945000
mixed,75,ARC_75,1,40,14735.425,73.677125,0.090700,0.301164,73.030000,74.450000
mixed,75,BELADY_75,1,40,16517.650,82.588250,0.028202,0.167934,82.305000,83.105000
mixed,75,LFU_75,1,40,8954.900,44.774500,0.143514,0.378832,43.895000,45.420000
mixed,75,LIRS_75,1,40,14673.300,73.366500,0.090840,0.301397,72.685000,74.070000
mixed,75,LRU_75,1,40,14721.400,73.607000,0.088300,0.297153,73.080000,74.435000
mixed,100,2Q_100,1,40,14344.075,71.720375,0.103535,0.321769,71.015000,72.490000
mixed,100,ARC_100,1,40,15087.300,75.436500,0.063984,0.252950,74.940000,76.090000
mixed,100,BELADY_100,1,40,16926.575,84.632875,0.017990,0.134125,84.405000,85.110000
mixed,100,LFU_100,1,40,9239.325,46.196625,0.183776,0.428691,45.190000,47.145000
mixed,100,LIRS_100,1,40,15044.775,75.223875,0.068629,0.261971,74.570000,75.825000
mixed,100,LRU20_2Q80,2,40,15171.325,75.856625,0.116061,0.340677,75.230000,76.665000
mixed,100,LRU20_ARC80,2,40,15073.875,75.369375,0.102140,0.319593,74.680000,76.095000
mixed,100,LRU20_LFU80,2,40,15446.725,77.233625,0.087756,0.296237,76.715000,78.080000
mixed,100,LRU20_LIRS80,2,40,15025.800,75.129000,0.083285,0.288591,74.525000,75.720000
mixed,100,LRU_100,1,40,15168.300,75.841500,0.062931,0.250861,75.340000,76.625000
mixed,125,2Q_125,1,40,15281.825,76.409125,0.166372,0.407887,75.670000,77.325000
mixed,125,ARC_125,1,40,15404.100,77.020500,0.065670,0.256262,76.505000,77.905000
mixed,125,BELADY_125,1,40,17242.000,86.210000,0.013050,0.114237,86.010000,86.525000
mixed,125,LFU_125,1,40,9430.425,47.152125,0.200927,0.448249,45.975000,48.170000
mixed,125,LIRS_125,1,40,15294.725,76.473625,0.050600,0.224944,75.955000,77.030000
mixed,125,LRU_125,1,40,15511.525,77.557625,0.060897,0.246774,77.030000,78.270000
mixed,150,2Q_150,1,40,16235.625,81.178125,0.063691,0.252370,80.675000,81.645000
mixed,150,ARC_150,1,40,15722.575,78.612875,0.061843,0.248683,78.115000,79.390000
mixed,150,BELADY_150,1,40,17495.125,87.475625,0.012043,0.109739,87.260000,87.740000
mixed,150,LFU_150,1,40,9602.125,48.010625,0.205349,0.453154,46.530000,49.050000
mixed,150,LIRS_150,1,40,15488.575,77.442875,0.039418,0.198539,77.010000,77.885000
mixed,150,LRU_150,1,40,15789.825,78.949125,0.052023,0.228085,78.435000,79.620000
mixed,175,2Q_175,1,40,16558.800,82.794000,0.040319,0.200797,82.360000,83.160000
mixed,175,ARC_175,1,40,16004.825,80.024125,0.041600,0.203960,79.675000,80.610000
mixed,175,BELADY_175,1,40,17723.850,88.619250,0.008238,0.090763,88.425000,88.865000
mixed,175,LFU_175,1,40,9733.700,48.668500,0.265058,0.514838,47.135000,49.705000
mixed,175,LIRS_175,1,40,15657.775,78.288875,0.030402,0.174361,77.910000,78.665000
mixed,175,LRU_175,1,40,16025.875,80.129375,0.039990,0.199975,79.650000,80.800000
mixed,200,2Q_200,1,40,16821.425,84.107125,0.041906,0.204710,83.700000,84.545000
mixed,200,ARC_200,1,40,16252.525,81.262625,0.040497,0.201240,80.955000,81.805000
mixed,200,BELADY_200,1,40,17906.875,89.534375,0.008212,0.090619,89.345000,89.750000
mixed,200,LFU_200,1,40,9856.325,49.281625,0.219556,0.468568,47.785000,50.260000
mixed,200,LIRS_200,1,40,15820.075,79.100375,0.037486,0.193614,78.715000,79.535000
mixed,200,LRU_200,1,40,16227.175,81.135875,0.031015,0.176111,80.730000,81.695000
normal,10,2Q_10,1,40,1100.775,5.503875,0.028494,0.168802,5.200000,5.845000
normal,10,ARC_10,1,40,1027.600,5.138000,0.021542,0.146772,4.805000,5.530000
normal,10,BELADY_10,1,40,4831.375,24.156875,0.026951,0.164167,23.870000,24.470000
normal,10,LFU_10,1,40,1090.000,5.450000,0.163344,0.404158,4.185000,6.210000
normal,10,LIRS_10,1,40,1037.950,5.189750,0.026263,0.162058,4.825000,5.490000
normal,10,LRU_10,1,40,932.725,4.663625,0.021569,0.146865,4.380000,5.040000
normal,25,2Q_25,1,40,2711.400,13.557000,0.068643,0.261999,13.100000,14.115000
normal,25,ARC_25,1,40,2511.075,12.555375,0.077472,0.278338,11.805000,13.070000
normal,25,BELADY_25,1,40,8084.350,40.421750,0.061826,0.248649,39.945000,40.915000
normal,25,LFU_25,1,40,2724.425,13.622125,0.472882,0.687664,12.335000,15.280000
normal,25,LIRS_25,1,40,2563.250,12.816250,0.071625,0.267629,12.110000,13.265000
normal,25,LRU_25,1,40,2321.025,11.605125,0.052625,0.229401,11.060000,12.000000
normal,50,2Q_50,1,40,5254.525,26.272625,0.141804,0.376568,25.480000,27.055000
normal,50,ARC_50,1,40,4835.700,24.178500,0.138072,0.371580,23.420000,24.950000
normal,50,BELADY_50,1,40,11326.225,56.631125,0.059844,0.244631,56.135000,57.170000
normal,50,LFU_50,1,40,5360.775,26.803875,1.054620,1.026947,24.120000,29.210000
normal,50,LIRS_50,1,40,5054.425,25.272125,0.133737,0.365701,24.595000,26.115000
normal,50,LRU_50,1,40,4601.425,23.007125,0.087322,0.295502,22.350000,23.715000
normal,75,2Q_75,1,40,7651.100,38.255500,0.152492,0.390502,37.570000,39.075000
normal,75,ARC_75,1,40,7177.375,35.886875,0.216606,0.465410,34.645000,37.235000
normal,75,BELADY_75,1,40,13511.100,67.555500,0.052198,0.228470,67.125000,68.085000
normal,75,LFU_75,1,40,7881.000,39.405000,0.809326,0.899625,37.905000,41.600000
normal,75,LIRS_75,1,40,7441.375,37.206875,0.188029,0.433623,36.475000,38.015000
normal,75,LRU_75,1,40,6827.475,34.137375,0.150447,0.387876,33.330000,34.960000
normal,100,2Q_100,1,40,9801.400,49.007000,0.160950,0.401185,48.020000,49.765000
normal,100,ARC_100,1,40,9398.500,46.992500,0.187032,0.432472,46.185000,48.100000
normal,100,BELADY_100,1,40,15145.300,75.726500,0.038021,0.194989,75.345000,76.155000
normal,100,LFU_100,1,40,10273.475,51.367375,0.777769,0.881912,49.570000,52.905000
normal,100,LIRS_100,1,40,9713.000,48.565000,0.198687,0.445743,47.675000,49.515000
normal,100,LRU20_2Q80,2,40,8152.650,40.763250,0.146910,0.383288,39.920000,41.560000
normal,100,LRU20_ARC80,2,40,7696.300,38.481500,0.277546,0.526827,37.445000,39.635000
normal,100,LRU20_LFU80,2,40,8504.325,42.521625,0.882527,0.939429,40.885000,45.185000
normal,100,LRU20_LIRS80,2,40,7916.150,39.580750,0.164812,0.405971,38.785000,40.335000
normal,100,LRU_100,1,40,8991.575,44.957875,0.171823,0.414515,44.025000,45.970000
normal,125,2Q_125,1,40,11753.650,58.768250,0.193816,0.440245,57.715000,59.555000
normal,125,ARC_125,1,40,11480.675,57.403375,0.209397,0.457599,56.505000,58.130000
normal,125,BELADY_125,1,40,16412.875,82.064375,0.034408,0.185494,81.740000,82.425000
normal,125,LFU_125,1,40,12482.675,62.413375,1.100406,1.049002,60.530000,64.580000
normal,125,LIRS_125,1,40,11855.075,59.275375,0.179965,0.424222,58.490000,60.070000
normal,125,LRU_125,1,40,11056.600,55.283000,0.182105,0.426737,54.360000,56.190000
normal,150,2Q_150,1,40,13469.800,67.349000,0.160026,0.400032,66.560000,68.065000
normal,150,ARC_150,1,40,13513.500,67.567500,0.162282,0.402842,66.805000,68.365000
normal,150,BELADY_150,1,40,17411.075,87.055375,0.021550,0.146801,86.685000,87.350000
normal,150,LFU_150,1,40,14506.700,72.533500,0.972484,0.986146,70.470000,74.600000
normal,150,LIRS_150,1,40,13803.800,69.019000,0.141600,0.376298,68.300000,69.845000
normal,150,LRU_150,1,40,12999.575,64.997875,0.190923,0.436947,64.195000,65.970000
normal,175,2Q_175,1,40,15051.175,75.255875,0.117481,0.342754,74.540000,75.915000
normal,175,ARC_175,1,40,14924.600,74.623000,0.170692,0.413149,73.755000,75.385000
normal,175,BELADY_175,1,40,18188.550,90.942750,0.017300,0.131529,90.595000,91.185000
normal,175,LFU_175,1,40,16192.325,80.961625,0.826381,0.909055,78.785000,82.515000
normal,175,LIRS_175,1,40,15528.425,77.642125,0.129737,0.360190,76.940000,78.380000
normal,175,LRU_175,1,40,14791.100,73.955500,0.171577,0.414218,73.100000,74.725000
normal,200,2Q_200,1,40,16483.275,82.416375,0.115140,0.339322,81.770000,83.215000
normal,200,ARC_200,1,40,16420.700,82.103500,0.134430,0.366647,81.420000,83.005000
normal,200,BELADY_200,1,40,18781.275,93.906375,0.013259,0.115148,93.630000,94.180000
normal,200,LFU_200,1,40,17548.825,87.744125,0.278052,0.527307,86.545000,88.865000
normal,200,LIRS_200,1,40,16971.150,84.855750,0.084994,0.291538,84.325000,85.560000
normal,200,LRU_200,1,40,16360.950,81.804750,0.128388,0.358313,81.110000,82.660000
repeat,10,2Q_10,1,40,16106.625,80.533125,0.057644,0.240093,79.935000,81.335000
repeat,10,ARC_10,1,40,16105.550,80.527750,0.054729,0.233943,79.985000,81.340000
repeat,10,BELADY_10,1,40,16714.525,83.572625,0.042242,0.205529,83.060000,84.175000
repeat,10,LFU_10,1,40,16106.050,80.530250,0.051945,0.227914,79.980000,81.245000
repeat,10,LIRS_10,1,40,16104.350,80.521750,0.053683,0.231695,79.945000,81.305000
repeat,10,LRU_10,1,40,16104.425,80.522125,0.053777,0.231898,79.970000,81.310000
repeat,25,2Q_25,1,40,16254.775,81.273875,0.049216,0.221847,80.660000,82.055000
repeat,25,ARC_25,1,40,16255.250,81.276250,0.054191,0.232789,80.680000,82.055000
repeat,25,BELADY_25,1,40,17214.875,86.074375,0.032607,0.180573,85.685000,86.600000
repeat,25,LFU_25,1,40,16256.075,81.280375,0.052363,0.228830,80.675000,81.950000
repeat,25,LIRS_25,1,40,16257.050,81.285250,0.050688,0.225141,80.720000,81.950000
repeat,25,LRU_25,1,40,16255.925,81.279625,0.050030,0.223674,80.700000,81.980000
repeat,50,2Q_50,1,40,16509.475,82.547375,0.051636,0.227235,82.095000,83.445000
repeat,50,ARC_50,1,40,16505.000,82.525000,0.043937,0.209612,82.060000,83.120000
repeat,50,BELADY_50,1,40,17736.050,88.680250,0.025696,0.160300,88.285000,89.150000
repeat,50,LFU_50,1,40,16507.175,82.535875,0.052320,0.228736,81.970000,83.105000
repeat,50,LIRS_50,1,40,16502.625,82.513125,0.056112,0.236881,81.900000,83.205000
repeat,50,LRU_50,1,40,16506.000,82.530000,0.056751,0.238225,81.920000,83.295000
repeat,75,2Q_75,1,40,16755.000,83.775000,0.052399,0.228908,83.325000,84.625000
repeat,75,ARC_75,1,40,16756.100,83.780500,0.047898,0.218857,83.255000,84.360000
repeat,75,BELADY_75,1,40,18109.800,90.549000,0.022314,0.149380,90.195000,90.975000
repeat,75,LFU_75,1,40,16756.525,83.782625,0.049853,0.223277,83.150000,84.305000
repeat,75,LIRS_75,1,40,16756.750,83.783750,0.048434,0.220078,83.260000,84.430000
repeat,75,LRU_75,1,40,16755.225,83.776125,0.041875,0.204634,83.275000,84.365000
repeat,100,2Q_100,1,40,17002.350,85.011750,0.035664,0.188848,84.680000,85.635000
repeat,100,ARC_100,1,40,17007.700,85.038500,0.050857,0.225514,84.475000,85.670000
repeat,100,BELADY_100,1,40,18410.225,92.051125,0.015608,0.124933,91.730000,92.420000
repeat,100,LFU_100,1,40,17002.750,85.013750,0.045759,0.213913,84.510000,85.490000
repeat,100,LIRS_100,1,40,17005.875,85.029375,0.048617,0.220492,84.495000,85.700000
repeat,100,LRU20_2Q80,2,40,16843.350,84.216750,0.040167,0.200418,83.905000,84.975000
repeat,100,LRU20_ARC80,2,40,16804.900,84.024500,0.049093,0.221570,83.500000,84.700000
repeat,100,LRU20_LFU80,2,40,16823.825,84.119125,0.052868,0.229930,83.525000,84.745000
repeat,100,LRU20_LIRS80,2,40,16812.150,84.060750,0.049724,0.222988,83.490000,84.725000
repeat,100,LRU_100,1,40,17005.475,85.027375,0.043801,0.209288,84.470000,85.675000
repeat,125,2Q_125,1,40,17247.225,86.236125,0.045071,0.212300,85.765000,86.930000
repeat,125,ARC_125,1,40,17259.225,86.296125,0.051878,0.227766,85.795000,87.080000
repeat,125,BELADY_125,1,40,18658.625,93.293125,0.011541,0.107427,93.045000,93.615000
repeat,125,LFU_125,1,40,17251.375,86.256875,0.039729,0.199322,85.880000,86.710000
repeat,125,LIRS_125,1,40,17258.100,86.290500,0.048960,0.221269,85.775000,86.990000
repeat,125,LRU_125,1,40,17256.625,86.283125,0.038887,0.197197,85.865000,86.930000
repeat,150,2Q_150,1,40,17503.200,87.516000,0.044537,0.211039,87.165000,88.210000
repeat,150,ARC_150,1,40,17508.775,87.543875,0.046581,0.215827,87.005000,88.175000
repeat,150,BELADY_150,1,40,18873.625,94.368125,0.007516,0.086696,94.185000,94.650000
repeat,150,LFU_150,1,40,17502.000,87.510000,0.034619,0.186062,87.140000,87.900000
repeat,150,LIRS_150,1,40,17508.325,87.541625,0.046565,0.215788,86.910000,88.130000
repeat,150,LRU_150,1,40,17507.975,87.539875,0.044194,0.210224,87.060000,88.110000
repeat,175,2Q_175,1,40,17753.125,88.765625,0.040273,0.200682,88.435000,89.395000
repeat,175,ARC_175,1,40,17755.950,88.779750,0.048738,0.220768,88.195000,89.370000
repeat,175,BELADY_175,1,40,19055.125,95.275625,0.005332,0.073023,95.140000,95.525000
repeat,175,LFU_175,1,40,17750.100,88.750500,0.034529,0.185820,88.360000,89.095000
repeat,175,LIRS_175,1,40,17760.400,88.802000,0.050822,0.225436,88.230000,89.505000
repeat,175,LRU_175,1,40,17756.775,88.783875,0.042617,0.206440,88.245000,89.310000
repeat,200,2Q_200,1,40,18005.775,90.028875,0.036787,0.191798,89.670000,90.475000
repeat,200,ARC_200,1,40,18008.525,90.042625,0.042765,0.206798,89.520000,90.735000
repeat,200,BELADY_200,1,40,19209.675,96.048375,0.005038,0.070977,95.910000,96.270000
repeat,200,LFU_200,1,40,18000.950,90.004750,0.036087,0.189966,89.485000,90.350000
repeat,200,LIRS_200,1,40,18013.525,90.067625,0.037394,0.193374,89.675000,90.715000
repeat,200,LRU_200,1,40,18008.675,90.043375,0.042140,0.205281,89.520000,90.725000
uniform,10,2Q_10,1,40,499.050,2.495250,0.010017,0.100083,2.275000,2.690000
uniform,10,ARC_10,1,40,497.125,2.485625,0.011084,0.105279,2.270000,2.740000
uniform,10,BELADY_10,1,40,3540.750,17.703750,0.022628,0.150426,17.410000,18.070000
uniform,10,LFU_10,1,40,498.975,2.494875,0.008358,0.091424,2.330000,2.685000
uniform,10,LIRS_10,1,40,502.250,2.511250,0.015211,0.123334,2.240000,2.755000
uniform,10,LRU_10,1,40,492.550,2.462750,0.012242,0.110645,2.230000,2.835000
uniform,25,2Q_25,1,40,1252.950,6.264750,0.024779,0.157415,5.885000,6.675000
uniform,25,ARC_25,1,40,1246.175,6.230875,0.020038,0.141557,6.000000,6.625000
uniform,25,BELADY_25,1,40,6043.800,30.219000,0.033919,0.184172,29.915000,30.600000
uniform,25,LFU_25,1,40,1245.550,6.227750,0.021909,0.148017,5.965000,6.590000
uniform,25,LIRS_25,1,40,1249.975,6.249875,0.020115,0.141826,5.990000,6.575000
uniform,25,LRU_25,1,40,1252.750,6.263750,0.025843,0.160758,6.010000,6.680000
uniform,50,2Q_50,1,40,2498.200,12.491000,0.042398,0.205907,12.070000,12.920000
uniform,50,ARC_50,1,40,2501.450,12.507250,0.042942,0.207225,12.175000,12.925000
uniform,50,BELADY_50,1,40,8657.725,43.288625,0.035462,0.188312,42.970000,43.795000
uniform,50,LFU_50,1,40,2492.025,12.460125,0.056734,0.238189,12.035000,13.010000
uniform,50,LIRS_50,1,40,2496.100,12.480500,0.048586,0.220422,11.935000,12.895000
uniform,50,LRU_50,1,40,2501.175,12.505875,0.046770,0.216265,12.180000,13.060000
uniform,75,2Q_75,1,40,3744.975,18.724875,0.069666,0.263943,18.205000,19.165000
uniform,75,ARC_75,1,40,3748.250,18.741250,0.073432,0.270983,18.195000,19.385000
uniform,75,BELADY_75,1,40,10529.875,52.649375,0.033008,0.181681,52.335000,53.000000
uniform,75,LFU_75,1,40,3743.025,18.715125,0.073365,0.270859,18.175000,19.300000
uniform,75,LIRS_75,1,40,3751.400,18.757000,0.095232,0.308596,17.935000,19.325000
uniform,75,LRU_75,1,40,3754.825,18.774125,0.085515,0.292430,18.270000,19.350000
uniform,100,2Q_100,1,40,4997.125,24.985625,0.103023,0.320972,24.125000,25.580000
uniform,100,ARC_100,1,40,5004.375,25.021875,0.104091,0.322631,24.410000,25.835000
uniform,100,BELADY_100,1,40,12021.325,60.106625,0.030630,0.175014,59.685000,60.435000
uniform,100,LFU_100,1,40,4988.075,24.940375,0.092377,0.303937,24.340000,25.575000
uniform,100,LIRS_100,1,40,5005.175,25.025875,0.100452,0.316942,24.350000,25.540000
uniform,100,LRU20_2Q80,2,40,4201.125,21.005625,0.082153,0.286623,20.490000,21.475000
uniform,100,LRU20_ARC80,2,40,4004.125,20.020625,0.076148,0.275949,19.480000,20.690000
uniform,100,LRU20_LFU80,2,40,4195.600,20.978000,0.092368,0.303921,20.465000,21.660000
uniform,100,LRU20_LIRS80,2,40,4049.300,20.246500,0.083004,0.288104,19.385000,20.735000
uniform,100,LRU_100,1,40,4997.425,24.987125,0.100819,0.317520,24.450000,25.730000
uniform,125,2Q_125,1,40,6252.100,31.260500,0.125561,0.354346,30.130000,31.855000
uniform,125,ARC_125,1,40,6245.175,31.225875,0.088373,0.297276,30.675000,31.835000
uniform,125,BELADY_125,1,40,13262.850,66.314250,0.022147,0.148818,66.015000,66.635000
uniform,125,LFU_125,1,40,6237.275,31.186375,0.102441,0.320064,30.510000,31.840000
uniform,125,LIRS_125,1,40,6255.875,31.279375,0.131984,0.363295,30.545000,31.870000
uniform,125,LRU_125,1,40,6244.400,31.222000,0.082629,0.287453,30.710000,31.935000
uniform,150,2Q_150,1,40,7509.300,37.546500,0.140812,0.375249,36.750000,38.145000
uniform,150,ARC_150,1,40,7509.475,37.547375,0.116259,0.340968,36.845000,38.265000
uniform,150,BELADY_150,1,40,14332.225,71.661125,0.025852,0.160785,71.310000,72.050000
uniform,150,LFU_150,1,40,7495.150,37.475750,0.115933,0.340489,36.530000,38.110000
uniform,150,LIRS_150,1,40,7508.175,37.540875,0.123704,0.351715,36.870000,38.205000
uniform,150,LRU_150,1,40,7504.350,37.521750,0.125329,0.354018,36.965000,38.495000
uniform,175,2Q_175,1,40,8759.575,43.797875,0.113251,0.336528,43.145000,44.680000
uniform,175,ARC_175,1,40,8754.475,43.772375,0.109170,0.330410,42.950000,44.720000
uniform,175,BELADY_175,1,40,15263.750,76.318750,0.019269,0.138813,75.985000,76.615000
uniform,175,LFU_175,1,40,8750.250,43.751250,0.124256,0.352500,42.835000,44.355000
uniform,175,LIRS_175,1,40,8759.950,43.799750,0.130129,0.360735,43.185000,44.550000
uniform,175,LRU_175,1,40,8753.400,43.767000,0.103411,0.321576,43.130000,44.620000
uniform,200,2Q_200,1,40,10015.950,50.079750,0.127290,0.356777,49.400000,51.090000
uniform,200,ARC_200,1,40,10005.575,50.027875,0.086111,0.293447,49.370000,50.565000
uniform,200,BELADY_200,1,40,16082.900,80.414500,0.015427,0.124204,80.135000,80.685000
uniform,200,LFU_200,1,40,9992.925,49.964625,0.132767,0.364372,49.200000,50.850000
uniform,200,LIRS_200,1,40,10001.825,50.009125,0.141411,0.376047,49.310000,50.985000
uniform,200,LRU_200,1,40,10005.575,50.027875,0.086111,0.293447,49.370000,50.565000
zipf,10,2Q_10,1,40,11274.125,56.370625,0.190675,0.436663,55.655000,57.475000
zipf,10,ARC_10,1,40,10764.525,53.822625,0.143617,0.378968,53.140000,54.655000
zipf,10,BELADY_10,1,40,12741.000,63.705000,0.069019,0.262715,63.210000,64.465000
zipf,10,LFU_10,1,40,11369.100,56.845500,2.170102,1.473127,53.965000,60.030000
zipf,10,LIRS_10,1,40,10735.125,53.675625,0.134458,0.366685,52.975000,54.465000
zipf,10,LRU_10,1,40,8941.350,44.706750,0.141048,0.375564,44.150000,45.795000
zipf,25,2Q_25,1,40,13865.175,69.325875,0.093470,0.305729,68.755000,69.890000
zipf,25,ARC_25,1,40,13601.700,68.008500,0.106204,0.325890,67.425000,68.785000
zipf,25,BELADY_25,1,40,15366.025,76.830125,0.056849,0.238431,76.380000,77.385000
zipf,25,LFU_25,1,40,14064.650,70.323250,1.018933,1.009422,67.955000,71.785000
zipf,25,LIRS_25,1,40,13496.225,67.481125,0.096045,0.309912,66.950000,68.180000
zipf,25,LRU_25,1,40,12307.175,61.535875,0.122604,0.350148,61.050000,62.450000
zipf,50,2Q_50,1,40,15549.400,77.747000,0.119829,0.346164,76.945000,78.395000
zipf,50,ARC_50,1,40,15376.725,76.883625,0.126431,0.355571,76.285000,77.620000
zipf,50,BELADY_50,1,40,16964.125,84.820625,0.038818,0.197023,84.465000,85.260000
zipf,50,LFU_50,1,40,15718.650,78.593250,0.279897,0.529053,77.230000,79.520000
zipf,50,LIRS_50,1,40,15338.350,76.691750,0.129005,0.359172,75.970000,77.415000
zipf,50,LRU_50,1,40,14536.925,72.684625,0.149270,0.386354,71.965000,73.390000
zipf,75,2Q_75,1,40,16467.050,82.335250,0.079779,0.282453,81.795000,82.875000
zipf,75,ARC_75,1,40,16296.700,81.483500,0.086904,0.294795,80.745000,81.960000
zipf,75,BELADY_75,1,40,17771.800,88.859000,0.032457,0.180157,88.455000,89.290000
zipf,75,LFU_75,1,40,16647.225,83.236125,0.193152,0.439491,82.255000,84.255000
zipf,75,LIRS_75,1,40,16325.375,81.626875,0.093448,0.305693,80.850000,82.100000
zipf,75,LRU_75,1,40,15736.625,78.683125,0.096427,0.310526,78.010000,79.290000
zipf,100,2Q_100,1,40,17072.775,85.363875,0.059043,0.242988,84.785000,85.760000
zipf,100,ARC_100,1,40,16905.600,84.528000,0.086582,0.294248,83.930000,85.045000
zipf,100,BELADY_100,1,40,18289.675,91.448375,0.027962,0.167219,91.080000,91.850000
zipf,100,LFU_100,1,40,17249.850,86.249250,0.110438,0.332322,85.675000,87.020000
zipf,100,LIRS_100,1,40,16990.725,84.953625,0.071377,0.267165,84.230000,85.510000
zipf,100,LRU20_2Q80,2,40,16622.200,83.111000,0.070008,0.264590,82.480000,83.595000
zipf,100,LRU20_ARC80,2,40,16464.525,82.322625,0.083408,0.288804,81.600000,82.875000
zipf,100,LRU20_LFU80,2,40,16768.975,83.844875,0.204925,0.452686,82.615000,84.670000
zipf,100,LRU20_LIRS80,2,40,16488.075,82.440375,0.077240,0.277921,81.730000,82.880000
zipf,100,LRU_100,1,40,16548.675,82.743375,0.082034,0.286415,82.215000,83.425000
zipf,125,2Q_125,1,40,17531.625,87.658125,0.051109,0.226072,87.155000,88.105000
zipf,125,ARC_125,1,40,17365.425,86.827125,0.076038,0.275750,86.175000,87.445000
zipf,125,BELADY_125,1,40,18659.475,93.297375,0.018617,0.136443,93.000000,93.535000
zipf,125,LFU_125,1,40,17705.700,88.528500,0.104543,0.323330,87.610000,89.060000
zipf,125,LIRS_125,1,40,17498.975,87.494875,0.067537,0.259878,86.965000,88.015000
zipf,125,LRU_125,1,40,17155.900,85.779500,0.072752,0.269726,85.125000,86.260000
zipf,150,2Q_150,1,40,17893.050,89.465250,0.066536,0.257945,88.890000,89.940000
zipf,150,ARC_150,1,40,17800.150,89.000750,0.073394,0.270914,88.370000,89.560000
zipf,150,BELADY_150,1,40,18940.075,94.700375,0.015494,0.124475,94.440000,94.925000
zipf,150,LFU_150,1,40,18080.450,90.402250,0.076882,0.277276,89.710000,90.815000
zipf,150,LIRS_150,1,40,17907.350,89.536750,0.058410,0.241681,89.035000,89.915000
zipf,150,LRU_150,1,40,17636.425,88.182125,0.057992,0.240816,87.660000,88.780000
zipf,175,2Q_175,1,40,18194.575,90.972875,0.055619,0.235837,90.360000,91.370000
zipf,175,ARC_175,1,40,18131.300,90.656500,0.062117,0.249233,90.135000,91.060000
zipf,175,BELADY_175,1,40,19165.600,95.828000,0.013836,0.117625,95.570000,96.030000
zipf,175,LFU_175,1,40,18387.850,91.939250,0.043255,0.207977,91.580000,92.525000
zipf,175,LIRS_175,1,40,18245.600,91.228000,0.065328,0.255593,90.680000,91.615000
zipf,175,LRU_175,1,40,18034.825,90.174125,0.064604,0.254173,89.610000,90.675000
zipf,200,2Q_200,1,40,18455.950,92.279750,0.043950,0.209642,91.810000,92.680000
zipf,200,ARC_200,1,40,18400.450,92.002250,0.048655,0.220579,91.500000,92.380000
zipf,200,BELADY_200,1,40,19339.150,96.695750,0.010561,0.102767,96.450000,96.860000
zipf,200,LFU_200,1,40,18653.650,93.268250,0.040279,0.200696,92.750000,93.625000
zipf,200,LIRS_200,1,40,18537.050,92.685250,0.051427,0.226775,92.145000,93.050000
zipf,200,LRU_200,1,40,18377.150,91.885750,0.048843,0.221005,91.360000,92.315000
