dataset,seed,capacity,requests,algorithm,hits,misses,hit_rate
uniform,0,100,20000,LRU,5070,14930,0.2535
uniform,0,100,20000,LFU,5114,14886,0.2557
uniform,0,100,20000,ARC,5075,14925,0.25375
uniform,0,100,20000,2Q,3476,16524,0.1738
uniform,0,100,20000,LIRS,5075,14925,0.25375
uniform,0,100,20000,BELADY,11951,8049,0.59755
uniform,1,100,20000,LRU,5052,14948,0.2526
uniform,1,100,20000,LFU,4874,15126,0.2437
uniform,1,100,20000,ARC,5015,14985,0.25075
uniform,1,100,20000,2Q,3382,16618,0.1691
uniform,1,100,20000,LIRS,5005,14995,0.25025
uniform,1,100,20000,BELADY,11940,8060,0.597
uniform,2,100,20000,LRU,4997,15003,0.24985
uniform,2,100,20000,LFU,4816,15184,0.2408
uniform,2,100,20000,ARC,4994,15006,0.2497
uniform,2,100,20000,2Q,3442,16558,0.1721
uniform,2,100,20000,LIRS,4935,15065,0.24675
uniform,2,100,20000,BELADY,11924,8076,0.5962
uniform,3,100,20000,LRU,4964,15036,0.2482
uniform,3,100,20000,LFU,5099,14901,0.25495
uniform,3,100,20000,ARC,4946,15054,0.2473
uniform,3,100,20000,2Q,3407,16593,0.17035
uniform,3,100,20000,LIRS,4932,15068,0.2466
uniform,3,100,20000,BELADY,11934,8066,0.5967
uniform,4,100,20000,LRU,4923,15077,0.24615
uniform,4,100,20000,LFU,4915,15085,0.24575
uniform,4,100,20000,ARC,4929,15071,0.24645
uniform,4,100,20000,2Q,3375,16625,0.16875
uniform,4,100,20000,LIRS,4917,15083,0.24585
uniform,4,100,20000,BELADY,11935,8065,0.59675
uniform,5,100,20000,LRU,5002,14998,0.2501
uniform,5,100,20000,LFU,5031,14969,0.25155
uniform,5,100,20000,ARC,5005,14995,0.25025
uniform,5,100,20000,2Q,3523,16477,0.17615
uniform,5,100,20000,LIRS,5041,14959,0.25205
uniform,5,100,20000,BELADY,11955,8045,0.59775
uniform,6,100,20000,LRU,4963,15037,0.24815
uniform,6,100,20000,LFU,4954,15046,0.2477
uniform,6,100,20000,ARC,4947,15053,0.24735
uniform,6,100,20000,2Q,3433,16567,0.17165
uniform,6,100,20000,LIRS,4951,15049,0.24755
uniform,6,100,20000,BELADY,11888,8112,0.5944
uniform,7,100,20000,LRU,4989,15011,0.24945
uniform,7,100,20000,LFU,4874,15126,0.2437
uniform,7,100,20000,ARC,5023,14977,0.25115
uniform,7,100,20000,2Q,3475,16525,0.17375
uniform,7,100,20000,LIRS,4997,15003,0.24985
uniform,7,100,20000,BELADY,11935,8065,0.59675
uniform,8,100,20000,LRU,4982,15018,0.2491
uniform,8,100,20000,LFU,4995,15005,0.24975
uniform,8,100,20000,ARC,4976,15024,0.2488
uniform,8,100,20000,2Q,3462,16538,0.1731
uniform,8,100,20000,LIRS,4997,15003,0.24985
uniform,8,100,20000,BELADY,11901,8099,0.59505
uniform,9,100,20000,LRU,4915,15085,0.24575
uniform,9,100,20000,LFU,4923,15077,0.24615
uniform,9,100,20000,ARC,4891,15109,0.24455
uniform,9,100,20000,2Q,3406,16594,0.1703
uniform,9,100,20000,LIRS,4973,15027,0.24865
uniform,9,100,20000,BELADY,11918,8082,0.5959
zipf,0,100,20000,LRU,16543,3457,0.82715
zipf,0,100,20000,LFU,17149,2851,0.85745
zipf,0,100,20000,ARC,16828,3172,0.8414
zipf,0,100,20000,2Q,16160,3840,0.808
zipf,0,100,20000,LIRS,16943,3057,0.84715
zipf,0,100,20000,BELADY,18193,1807,0.90965
zipf,1,100,20000,LRU,16491,3509,0.82455
zipf,1,100,20000,LFU,17153,2847,0.85765
zipf,1,100,20000,ARC,16819,3181,0.84095
zipf,1,100,20000,2Q,16148,3852,0.8074
zipf,1,100,20000,LIRS,16916,3084,0.8458
zipf,1,100,20000,BELADY,18194,1806,0.9097
zipf,2,100,20000,LRU,16538,3462,0.8269
zipf,2,100,20000,LFU,17157,2843,0.85785
zipf,2,100,20000,ARC,16871,3129,0.84355
zipf,2,100,20000,2Q,16189,3811,0.80945
zipf,2,100,20000,LIRS,16925,3075,0.84625
zipf,2,100,20000,BELADY,18212,1788,0.9106
zipf,3,100,20000,LRU,16497,3503,0.82485
zipf,3,100,20000,LFU,17216,2784,0.8608
zipf,3,100,20000,ARC,16895,3105,0.84475
zipf,3,100,20000,2Q,16251,3749,0.81255
zipf,3,100,20000,LIRS,16946,3054,0.8473
zipf,3,100,20000,BELADY,18197,1803,0.90985
zipf,4,100,20000,LRU,16458,3542,0.8229
zipf,4,100,20000,LFU,17212,2788,0.8606
zipf,4,100,20000,ARC,16776,3224,0.8388
zipf,4,100,20000,2Q,16138,3862,0.8069
zipf,4,100,20000,LIRS,16890,3110,0.8445
zipf,4,100,20000,BELADY,18160,1840,0.908
zipf,5,100,20000,LRU,16492,3508,0.8246
zipf,5,100,20000,LFU,17115,2885,0.85575
zipf,5,100,20000,ARC,16800,3200,0.84
zipf,5,100,20000,2Q,16178,3822,0.8089
zipf,5,100,20000,LIRS,16917,3083,0.84585
zipf,5,100,20000,BELADY,18169,1831,0.90845
zipf,6,100,20000,LRU,16511,3489,0.82555
zipf,6,100,20000,LFU,17042,2958,0.8521
zipf,6,100,20000,ARC,16827,3173,0.84135
zipf,6,100,20000,2Q,16162,3838,0.8081
zipf,6,100,20000,LIRS,16922,3078,0.8461
zipf,6,100,20000,BELADY,18190,1810,0.9095
zipf,7,100,20000,LRU,16499,3501,0.82495
zipf,7,100,20000,LFU,17149,2851,0.85745
zipf,7,100,20000,ARC,16886,3114,0.8443
zipf,7,100,20000,2Q,16226,3774,0.8113
zipf,7,100,20000,LIRS,16923,3077,0.84615
zipf,7,100,20000,BELADY,18183,1817,0.90915
zipf,8,100,20000,LRU,16554,3446,0.8277
zipf,8,100,20000,LFU,17047,2953,0.85235
zipf,8,100,20000,ARC,16866,3134,0.8433
zipf,8,100,20000,2Q,16230,3770,0.8115
zipf,8,100,20000,LIRS,16975,3025,0.84875
zipf,8,100,20000,BELADY,18217,1783,0.91085
zipf,9,100,20000,LRU,16475,3525,0.82375
zipf,9,100,20000,LFU,17124,2876,0.8562
zipf,9,100,20000,ARC,16847,3153,0.84235
zipf,9,100,20000,2Q,16168,3832,0.8084
zipf,9,100,20000,LIRS,16918,3082,0.8459
zipf,9,100,20000,BELADY,18196,1804,0.9098
normal,0,100,20000,LRU,9058,10942,0.4529
normal,0,100,20000,LFU,10314,9686,0.5157
normal,0,100,20000,ARC,9393,10607,0.46965
normal,0,100,20000,2Q,7179,12821,0.35895
normal,0,100,20000,LIRS,9793,10207,0.48965
normal,0,100,20000,BELADY,15113,4887,0.75565
normal,1,100,20000,LRU,9052,10948,0.4526
normal,1,100,20000,LFU,10273,9727,0.51365
normal,1,100,20000,ARC,9424,10576,0.4712
normal,1,100,20000,2Q,7055,12945,0.35275
normal,1,100,20000,LIRS,9671,10329,0.48355
normal,1,100,20000,BELADY,15071,4929,0.75355
normal,2,100,20000,LRU,8994,11006,0.4497
normal,2,100,20000,LFU,9919,10081,0.49595
normal,2,100,20000,ARC,9381,10619,0.46905
normal,2,100,20000,2Q,7110,12890,0.3555
normal,2,100,20000,LIRS,9768,10232,0.4884
normal,2,100,20000,BELADY,15061,4939,0.75305
normal,3,100,20000,LRU,8992,11008,0.4496
normal,3,100,20000,LFU,10221,9779,0.51105
normal,3,100,20000,ARC,9288,10712,0.4644
normal,3,100,20000,2Q,6956,13044,0.3478
normal,3,100,20000,LIRS,9602,10398,0.4801
normal,3,100,20000,BELADY,15057,4943,0.75285
normal,4,100,20000,LRU,9024,10976,0.4512
normal,4,100,20000,LFU,10451,9549,0.52255
normal,4,100,20000,ARC,9425,10575,0.47125
normal,4,100,20000,2Q,7223,12777,0.36115
normal,4,100,20000,LIRS,9728,10272,0.4864
normal,4,100,20000,BELADY,15080,4920,0.754
normal,5,100,20000,LRU,8984,11016,0.4492
normal,5,100,20000,LFU,10319,9681,0.51595
normal,5,100,20000,ARC,9437,10563,0.47185
normal,5,100,20000,2Q,7035,12965,0.35175
normal,5,100,20000,LIRS,9722,10278,0.4861
normal,5,100,20000,BELADY,15101,4899,0.75505
normal,6,100,20000,LRU,8920,11080,0.446
normal,6,100,20000,LFU,10448,9552,0.5224
normal,6,100,20000,ARC,9318,10682,0.4659
normal,6,100,20000,2Q,7083,12917,0.35415
normal,6,100,20000,LIRS,9601,10399,0.48005
normal,6,100,20000,BELADY,15014,4986,0.7507
normal,7,100,20000,LRU,8994,11006,0.4497
normal,7,100,20000,LFU,10166,9834,0.5083
normal,7,100,20000,ARC,9400,10600,0.47
normal,7,100,20000,2Q,7081,12919,0.35405
normal,7,100,20000,LIRS,9670,10330,0.4835
normal,7,100,20000,BELADY,15065,4935,0.75325
normal,8,100,20000,LRU,9028,10972,0.4514
normal,8,100,20000,LFU,9829,10171,0.49145
normal,8,100,20000,ARC,9310,10690,0.4655
normal,8,100,20000,2Q,7074,12926,0.3537
normal,8,100,20000,LIRS,9699,10301,0.48495
normal,8,100,20000,BELADY,15034,4966,0.7517
normal,9,100,20000,LRU,9122,10878,0.4561
normal,9,100,20000,LFU,10465,9535,0.52325
normal,9,100,20000,ARC,9497,10503,0.47485
normal,9,100,20000,2Q,7153,12847,0.35765
normal,9,100,20000,LIRS,9788,10212,0.4894
normal,9,100,20000,BELADY,15113,4887,0.75565
scan,0,100,20000,LRU,0,20000,0.0
scan,0,100,20000,LFU,0,20000,0.0
scan,0,100,20000,ARC,0,20000,0.0
scan,0,100,20000,2Q,0,20000,0.0
scan,0,100,20000,LIRS,0,20000,0.0
scan,0,100,20000,BELADY,0,20000,0.0
scan,1,100,20000,LRU,0,20000,0.0
scan,1,100,20000,LFU,0,20000,0.0
scan,1,100,20000,ARC,0,20000,0.0
scan,1,100,20000,2Q,0,20000,0.0
scan,1,100,20000,LIRS,0,20000,0.0
scan,1,100,20000,BELADY,0,20000,0.0
scan,2,100,20000,LRU,0,20000,0.0
scan,2,100,20000,LFU,0,20000,0.0
scan,2,100,20000,ARC,0,20000,0.0
scan,2,100,20000,2Q,0,20000,0.0
scan,2,100,20000,LIRS,0,20000,0.0
scan,2,100,20000,BELADY,0,20000,0.0
scan,3,100,20000,LRU,0,20000,0.0
scan,3,100,20000,LFU,0,20000,0.0
scan,3,100,20000,ARC,0,20000,0.0
scan,3,100,20000,2Q,0,20000,0.0
scan,3,100,20000,LIRS,0,20000,0.0
scan,3,100,20000,BELADY,0,20000,0.0
scan,4,100,20000,LRU,0,20000,0.0
scan,4,100,20000,LFU,0,20000,0.0
scan,4,100,20000,ARC,0,20000,0.0
scan,4,100,20000,2Q,0,20000,0.0
scan,4,100,20000,LIRS,0,20000,0.0
scan,4,100,20000,BELADY,0,20000,0.0
scan,5,100,20000,LRU,0,20000,0.0
scan,5,100,20000,LFU,0,20000,0.0
scan,5,100,20000,ARC,0,20000,0.0
scan,5,100,20000,2Q,0,20000,0.0
scan,5,100,20000,LIRS,0,20000,0.0
scan,5,100,20000,BELADY,0,20000,0.0
scan,6,100,20000,LRU,0,20000,0.0
scan,6,100,20000,LFU,0,20000,0.0
scan,6,100,20000,ARC,0,20000,0.0
scan,6,100,20000,2Q,0,20000,0.0
scan,6,100,20000,LIRS,0,20000,0.0
scan,6,100,20000,BELADY,0,20000,0.0
scan,7,100,20000,LRU,0,20000,0.0
scan,7,100,20000,LFU,0,20000,0.0
scan,7,100,20000,ARC,0,20000,0.0
scan,7,100,20000,2Q,0,20000,0.0
scan,7,100,20000,LIRS,0,20000,0.0
scan,7,100,20000,BELADY,0,20000,0.0
scan,8,100,20000,LRU,0,20000,0.0
scan,8,100,20000,LFU,0,20000,0.0
scan,8,100,20000,ARC,0,20000,0.0
scan,8,100,20000,2Q,0,20000,0.0
scan,8,100,20000,LIRS,0,20000,0.0
scan,8,100,20000,BELADY,0,20000,0.0
scan,9,100,20000,LRU,0,20000,0.0
scan,9,100,20000,LFU,0,20000,0.0
scan,9,100,20000,ARC,0,20000,0.0
scan,9,100,20000,2Q,0,20000,0.0
scan,9,100,20000,LIRS,0,20000,0.0
scan,9,100,20000,BELADY,0,20000,0.0
lru,0,100,25952,LRU,20122,5830,0.7753545006165228
lru,0,100,25952,LFU,5904,20048,0.22749691738594327
lru,0,100,25952,ARC,18401,7551,0.7090397657213316
lru,0,100,25952,2Q,5339,20613,0.20572595561035759
lru,0,100,25952,LIRS,15546,10406,0.5990289765721332
lru,0,100,25952,BELADY,20122,5830,0.7753545006165228
lru,1,100,25952,LRU,20116,5836,0.7751233045622689
lru,1,100,25952,LFU,5904,20048,0.22749691738594327
lru,1,100,25952,ARC,18383,7569,0.7083461775585697
lru,1,100,25952,2Q,5326,20626,0.20522503082614058
lru,1,100,25952,LIRS,15530,10422,0.5984124537607891
lru,1,100,25952,BELADY,20116,5836,0.7751233045622689
lru,2,100,25952,LRU,20119,5833,0.7752389025893958
lru,2,100,25952,LFU,5904,20048,0.22749691738594327
lru,2,100,25952,ARC,18391,7561,0.7086544389642416
lru,2,100,25952,2Q,5332,20620,0.20545622688039458
lru,2,100,25952,LIRS,15520,10432,0.5980271270036991
lru,2,100,25952,BELADY,20119,5833,0.7752389025893958
lru,3,100,25952,LRU,20123,5829,0.7753930332922319
lru,3,100,25952,LFU,5904,20048,0.22749691738594327
lru,3,100,25952,ARC,18411,7541,0.7094250924784217
lru,3,100,25952,2Q,5332,20620,0.20545622688039458
lru,3,100,25952,LIRS,15560,10392,0.5995684340320592
lru,3,100,25952,BELADY,20123,5829,0.7753930332922319
lru,4,100,25952,LRU,20132,5820,0.7757398273736128
lru,4,100,25952,LFU,5904,20048,0.22749691738594327
lru,4,100,25952,ARC,18431,7521,0.7101957459926017
lru,4,100,25952,2Q,5341,20611,0.20580302096177558
lru,4,100,25952,LIRS,15562,10390,0.5996454993834772
lru,4,100,25952,BELADY,20132,5820,0.7757398273736128
lru,5,100,25952,LRU,20133,5819,0.7757783600493219
lru,5,100,25952,LFU,5904,20048,0.22749691738594327
lru,5,100,25952,ARC,18440,7512,0.7105425400739828
lru,5,100,25952,2Q,5336,20616,0.20561035758323057
lru,5,100,25952,LIRS,15541,10411,0.5988363131935882
lru,5,100,25952,BELADY,20133,5819,0.7757783600493219
lru,6,100,25952,LRU,20105,5847,0.7746994451294698
lru,6,100,25952,LFU,5904,20048,0.22749691738594327
lru,6,100,25952,ARC,18347,7605,0.7069590012330457
lru,6,100,25952,2Q,5332,20620,0.20545622688039458
lru,6,100,25952,LIRS,15524,10428,0.5981812577065352
lru,6,100,25952,BELADY,20105,5847,0.7746994451294698
lru,7,100,25952,LRU,20119,5833,0.7752389025893958
lru,7,100,25952,LFU,5904,20048,0.22749691738594327
lru,7,100,25952,ARC,18401,7551,0.7090397657213316
lru,7,100,25952,2Q,5335,20617,0.20557182490752157
lru,7,100,25952,LIRS,15556,10396,0.5994143033292232
lru,7,100,25952,BELADY,20119,5833,0.7752389025893958
lru,8,100,25952,LRU,20131,5821,0.7757012946979038
lru,8,100,25952,LFU,5904,20048,0.22749691738594327
lru,8,100,25952,ARC,18429,7523,0.7101186806411838
lru,8,100,25952,2Q,5337,20615,0.2056488902589396
lru,8,100,25952,LIRS,15537,10415,0.5986821824907521
lru,8,100,25952,BELADY,20131,5821,0.7757012946979038
lru,9,100,25952,LRU,20130,5822,0.7756627620221949
lru,9,100,25952,LFU,5904,20048,0.22749691738594327
lru,9,100,25952,ARC,18425,7527,0.7099645499383477
lru,9,100,25952,2Q,5338,20614,0.2056874229346486
lru,9,100,25952,LIRS,15564,10388,0.5997225647348952
lru,9,100,25952,BELADY,20130,5822,0.7756627620221949
lfu,0,100,16946,LRU,13107,3839,0.7734568629765136
lfu,0,100,16946,LFU,15237,1709,0.8991502419450018
lfu,0,100,16946,ARC,13107,3839,0.7734568629765136
lfu,0,100,16946,2Q,12058,4888,0.7115543491089342
lfu,0,100,16946,LIRS,12026,4920,0.7096659978756049
lfu,0,100,16946,BELADY,15237,1709,0.8991502419450018
lfu,1,100,16946,LRU,13087,3859,0.7722766434556828
lfu,1,100,16946,LFU,15237,1709,0.8991502419450018
lfu,1,100,16946,ARC,13087,3859,0.7722766434556828
lfu,1,100,16946,2Q,12022,4924,0.7094299539714387
lfu,1,100,16946,LIRS,11968,4978,0.7062433612651954
lfu,1,100,16946,BELADY,15237,1709,0.8991502419450018
lfu,2,100,16946,LRU,13103,3843,0.7732208190723474
lfu,2,100,16946,LFU,15237,1709,0.8991502419450018
lfu,2,100,16946,ARC,13103,3843,0.7732208190723474
lfu,2,100,16946,2Q,11952,4994,0.7052991856485307
lfu,2,100,16946,LIRS,12026,4920,0.7096659978756049
lfu,2,100,16946,BELADY,15237,1709,0.8991502419450018
lfu,3,100,16946,LRU,13118,3828,0.7741059837129706
lfu,3,100,16946,LFU,15237,1709,0.8991502419450018
lfu,3,100,16946,ARC,13117,3829,0.774046972736929
lfu,3,100,16946,2Q,12051,4895,0.7111412722766435
lfu,3,100,16946,LIRS,12012,4934,0.7088398442110232
lfu,3,100,16946,BELADY,15237,1709,0.8991502419450018
lfu,4,100,16946,LRU,13129,3817,0.7747551044494276
lfu,4,100,16946,LFU,15237,1709,0.8991502419450018
lfu,4,100,16946,ARC,13129,3817,0.7747551044494276
lfu,4,100,16946,2Q,11978,4968,0.7068334710256108
lfu,4,100,16946,LIRS,11985,4961,0.7072465478579015
lfu,4,100,16946,BELADY,15237,1709,0.8991502419450018
lfu,5,100,16946,LRU,13117,3829,0.774046972736929
lfu,5,100,16946,LFU,15237,1709,0.8991502419450018
lfu,5,100,16946,ARC,13117,3829,0.774046972736929
lfu,5,100,16946,2Q,12067,4879,0.7120854478933082
lfu,5,100,16946,LIRS,12004,4942,0.7083677564026909
lfu,5,100,16946,BELADY,15237,1709,0.8991502419450018
lfu,6,100,16946,LRU,13107,3839,0.7734568629765136
lfu,6,100,16946,LFU,15237,1709,0.8991502419450018
lfu,6,100,16946,ARC,13107,3839,0.7734568629765136
lfu,6,100,16946,2Q,12055,4891,0.7113773161808097
lfu,6,100,16946,LIRS,12078,4868,0.7127345686297651
lfu,6,100,16946,BELADY,15237,1709,0.8991502419450018
lfu,7,100,16946,LRU,13081,3865,0.7719225775994335
lfu,7,100,16946,LFU,15237,1709,0.8991502419450018
lfu,7,100,16946,ARC,13081,3865,0.7719225775994335
lfu,7,100,16946,2Q,11998,4948,0.7080136905464416
lfu,7,100,16946,LIRS,11992,4954,0.7076596246901924
lfu,7,100,16946,BELADY,15237,1709,0.8991502419450018
lfu,8,100,16946,LRU,13119,3827,0.7741649946890121
lfu,8,100,16946,LFU,15237,1709,0.8991502419450018
lfu,8,100,16946,ARC,13119,3827,0.7741649946890121
lfu,8,100,16946,2Q,11925,5021,0.7037058892954089
lfu,8,100,16946,LIRS,12015,4931,0.7090168771391478
lfu,8,100,16946,BELADY,15237,1709,0.8991502419450018
lfu,9,100,16946,LRU,13104,3842,0.773279830048389
lfu,9,100,16946,LFU,15237,1709,0.8991502419450018
lfu,9,100,16946,ARC,13104,3842,0.773279830048389
lfu,9,100,16946,2Q,12022,4924,0.7094299539714387
lfu,9,100,16946,LIRS,12054,4892,0.7113183052047681
lfu,9,100,16946,BELADY,15237,1709,0.8991502419450018
arc,0,100,22919,LRU,11474,11445,0.5006326628561456
arc,0,100,22919,LFU,10429,12490,0.45503730529255204
arc,0,100,22919,ARC,11795,11124,0.5146385095335748
arc,0,100,22919,2Q,11065,11854,0.48278720712072953
arc,0,100,22919,LIRS,10985,11934,0.4792966534316506
arc,0,100,22919,BELADY,13088,9831,0.571054583533313
arc,1,100,22926,LRU,11458,11468,0.499781907005147
arc,1,100,22926,LFU,10435,12491,0.45516008025822213
arc,1,100,22926,ARC,11831,11095,0.5160516444211812
arc,1,100,22926,2Q,10948,11978,0.4775364215301405
arc,1,100,22926,LIRS,10969,11957,0.4784524121085231
arc,1,100,22926,BELADY,13088,9838,0.5708802233272268
arc,2,100,22955,LRU,11461,11494,0.4992812023524287
arc,2,100,22955,LFU,10465,12490,0.4558919625353953
arc,2,100,22955,ARC,11799,11156,0.514005663254193
arc,2,100,22955,2Q,11051,11904,0.4814201698976258
arc,2,100,22955,LIRS,10962,11993,0.4775430189501198
arc,2,100,22955,BELADY,13088,9867,0.5701590067523415
arc,3,100,22973,LRU,11508,11465,0.5009358812519044
arc,3,100,22973,LFU,10488,12485,0.45653593348713706
arc,3,100,22973,ARC,11860,11113,0.5162582161668046
arc,3,100,22973,2Q,10958,12015,0.476994732947373
arc,3,100,22973,LIRS,11027,11946,0.47999825882557784
arc,3,100,22973,BELADY,13088,9885,0.56971227092674
arc,4,100,22953,LRU,11493,11460,0.500718860279702
arc,4,100,22953,LFU,10461,12492,0.45575741733106784
arc,4,100,22953,ARC,11806,11147,0.5143554219492006
arc,4,100,22953,2Q,10944,12009,0.4768004182459809
arc,4,100,22953,LIRS,10992,11961,0.47889164815056856
arc,4,100,22953,BELADY,13088,9865,0.570208687317562
arc,5,100,22896,LRU,11445,11451,0.49986897274633124
arc,5,100,22896,LFU,10416,12480,0.4549266247379455
arc,5,100,22896,ARC,11779,11117,0.5144566736547869
arc,5,100,22896,2Q,10953,11943,0.4783805031446541
arc,5,100,22896,LIRS,10934,11962,0.4775506638714186
arc,5,100,22896,BELADY,13088,9808,0.5716282320055905
arc,6,100,22982,LRU,11492,11490,0.5000435123139848
arc,6,100,22982,LFU,10493,12489,0.456574710643112
arc,6,100,22982,ARC,11828,11154,0.514663649812897
arc,6,100,22982,2Q,11017,11965,0.47937516317117745
arc,6,100,22982,LIRS,11006,11976,0.47889652771734403
arc,6,100,22982,BELADY,13088,9894,0.5694891654338178
arc,7,100,22883,LRU,11463,11420,0.5009395621203514
arc,7,100,22883,LFU,10389,12494,0.454005156666521
arc,7,100,22883,ARC,11772,11111,0.5144430363151684
arc,7,100,22883,2Q,11034,11849,0.4821920202770616
arc,7,100,22883,LIRS,10947,11936,0.4783900712319189
arc,7,100,22883,BELADY,13088,9795,0.5719529781934187
arc,8,100,22877,LRU,11488,11389,0.5021637452463172
arc,8,100,22877,LFU,10395,12482,0.454386501726625
arc,8,100,22877,ARC,11809,11068,0.5161953053284959
arc,8,100,22877,2Q,11028,11849,0.48205621366437906
arc,8,100,22877,LIRS,10984,11893,0.4801328845565415
arc,8,100,22877,BELADY,13088,9789,0.5721029855313197
arc,9,100,22882,LRU,11462,11420,0.5009177519447601
arc,9,100,22882,LFU,10395,12487,0.45428721265623634
arc,9,100,22882,ARC,11839,11043,0.5173935844768814
arc,9,100,22882,2Q,11050,11832,0.48291233283803864
arc,9,100,22882,LIRS,10971,11911,0.4794598374267984
arc,9,100,22882,BELADY,13088,9794,0.5719779739533257
twoq,0,100,29740,LRU,16372,13368,0.5505043712172158
twoq,0,100,29740,LFU,11699,18041,0.39337592468056487
twoq,0,100,29740,ARC,16442,13298,0.5528581035642233
twoq,0,100,29740,2Q,17191,12549,0.5780430396772024
twoq,0,100,29740,LIRS,15236,14504,0.5123066577000672
twoq,0,100,29740,BELADY,18720,11020,0.6294552790854069
twoq,1,100,29825,LRU,16308,13517,0.5467896060352053
twoq,1,100,29825,LFU,11781,18044,0.39500419111483653
twoq,1,100,29825,ARC,16361,13464,0.5485666387259011
twoq,1,100,29825,2Q,17268,12557,0.5789773679798826
twoq,1,100,29825,LIRS,15171,14654,0.5086672254819782
twoq,1,100,29825,BELADY,18720,11105,0.627661357921207
twoq,2,100,29824,LRU,16352,13472,0.5482832618025751
twoq,2,100,29824,LFU,11791,18033,0.3953527360515021
twoq,2,100,29824,ARC,16397,13427,0.5497921137339056
twoq,2,100,29824,2Q,17196,12628,0.5765826180257511
twoq,2,100,29824,LIRS,15191,14633,0.5093548819742489
twoq,2,100,29824,BELADY,18720,11104,0.6276824034334764
twoq,3,100,29667,LRU,16365,13302,0.5516230154717363
twoq,3,100,29667,LFU,11649,18018,0.39265850945494996
twoq,3,100,29667,ARC,16458,13209,0.5547578117099808
twoq,3,100,29667,2Q,17294,12373,0.5829372703677487
twoq,3,100,29667,LIRS,15225,14442,0.5131964809384164
twoq,3,100,29667,BELADY,18720,10947,0.6310041460208312
twoq,4,100,29851,LRU,16364,13487,0.5481893403906066
twoq,4,100,29851,LFU,11815,18036,0.3957991357073465
twoq,4,100,29851,ARC,16456,13395,0.5512713141938294
twoq,4,100,29851,2Q,17221,12630,0.576898596361931
twoq,4,100,29851,LIRS,15241,14610,0.5105691601621386
twoq,4,100,29851,BELADY,18720,11131,0.627114669525309
twoq,5,100,29817,LRU,16335,13482,0.5478418351946875
twoq,5,100,29817,LFU,11783,18034,0.3951772478787269
twoq,5,100,29817,ARC,16429,13388,0.5509943991682598
twoq,5,100,29817,2Q,17229,12588,0.5778247308582353
twoq,5,100,29817,LIRS,15203,14614,0.5098769158533722
twoq,5,100,29817,BELADY,18720,11097,0.6278297615454271
twoq,6,100,29898,LRU,16316,13582,0.5457221218810623
twoq,6,100,29898,LFU,11866,18032,0.396882734631079
twoq,6,100,29898,ARC,16430,13468,0.549535085958927
twoq,6,100,29898,2Q,17225,12673,0.5761254933440364
twoq,6,100,29898,LIRS,15166,14732,0.5072580105692689
twoq,6,100,29898,BELADY,18720,11178,0.6261288380493678
twoq,7,100,29720,LRU,16300,13420,0.5484522207267833
twoq,7,100,29720,LFU,11682,18038,0.3930686406460296
twoq,7,100,29720,ARC,16403,13317,0.5519179004037685
twoq,7,100,29720,2Q,17271,12449,0.5811238223418573
twoq,7,100,29720,LIRS,15176,14544,0.5106325706594885
twoq,7,100,29720,BELADY,18720,11000,0.629878869448183
twoq,8,100,29767,LRU,16342,13425,0.5489972116773608
twoq,8,100,29767,LFU,11733,18034,0.39416131958208755
twoq,8,100,29767,ARC,16384,13383,0.5504081701212752
twoq,8,100,29767,2Q,17206,12561,0.5780226425235999
twoq,8,100,29767,LIRS,15193,14574,0.5103974199617025
twoq,8,100,29767,BELADY,18720,11047,0.6288843350018477
twoq,9,100,29788,LRU,16328,13460,0.5481401906808111
twoq,9,100,29788,LFU,11749,18039,0.3944205720424332
twoq,9,100,29788,ARC,16366,13422,0.5494158721632872
twoq,9,100,29788,2Q,17260,12528,0.5794279575668054
twoq,9,100,29788,LIRS,15188,14600,0.5098697462065261
twoq,9,100,29788,BELADY,18720,11068,0.6284409829461528
lirs,0,100,31072,LRU,1543,29529,0.049658856848609684
lirs,0,100,31072,LFU,2214,28858,0.07125386199794027
lirs,0,100,31072,ARC,2214,28858,0.07125386199794027
lirs,0,100,31072,2Q,1827,29245,0.05879891864057672
lirs,0,100,31072,LIRS,17605,13467,0.56658728115345
lirs,0,100,31072,BELADY,25543,5529,0.8220584449021627
lirs,1,100,31072,LRU,1540,29532,0.049562306900102986
lirs,1,100,31072,LFU,2214,28858,0.07125386199794027
lirs,1,100,31072,ARC,2214,28858,0.07125386199794027
lirs,1,100,31072,2Q,1832,29240,0.05895983522142122
lirs,1,100,31072,LIRS,17602,13470,0.5664907312049433
lirs,1,100,31072,BELADY,25540,5532,0.821961894953656
lirs,2,100,31072,LRU,1555,29517,0.050045056642636455
lirs,2,100,31072,LFU,2214,28858,0.07125386199794027
lirs,2,100,31072,ARC,2214,28858,0.07125386199794027
lirs,2,100,31072,2Q,1844,29228,0.05934603501544799
lirs,2,100,31072,LIRS,17617,13455,0.5669734809474768
lirs,2,100,31072,BELADY,25555,5517,0.8224446446961895
lirs,3,100,31072,LRU,1549,29523,0.049851956745623066
lirs,3,100,31072,LFU,2214,28858,0.07125386199794027
lirs,3,100,31072,ARC,2214,28858,0.07125386199794027
lirs,3,100,31072,2Q,1831,29241,0.058927651905252315
lirs,3,100,31072,LIRS,17611,13461,0.5667803810504635
lirs,3,100,31072,BELADY,25549,5523,0.8222515447991761
lirs,4,100,31072,LRU,1544,29528,0.04969104016477858
lirs,4,100,31072,LFU,2214,28858,0.07125386199794027
lirs,4,100,31072,ARC,2214,28858,0.07125386199794027
lirs,4,100,31072,2Q,1834,29238,0.05902420185375901
lirs,4,100,31072,LIRS,17606,13466,0.566619464469619
lirs,4,100,31072,BELADY,25544,5528,0.8220906282183316
lirs,5,100,31072,LRU,1540,29532,0.049562306900102986
lirs,5,100,31072,LFU,2214,28858,0.07125386199794027
lirs,5,100,31072,ARC,2214,28858,0.07125386199794027
lirs,5,100,31072,2Q,1829,29243,0.05886328527291452
lirs,5,100,31072,LIRS,17602,13470,0.5664907312049433
lirs,5,100,31072,BELADY,25540,5532,0.821961894953656
lirs,6,100,31072,LRU,1537,29535,0.049465756951596294
lirs,6,100,31072,LFU,2214,28858,0.07125386199794027
lirs,6,100,31072,ARC,2214,28858,0.07125386199794027
lirs,6,100,31072,2Q,1837,29235,0.059120751802265704
lirs,6,100,31072,LIRS,17599,13473,0.5663941812564367
lirs,6,100,31072,BELADY,25537,5535,0.8218653450051493
lirs,7,100,31072,LRU,1548,29524,0.04981977342945417
lirs,7,100,31072,LFU,2214,28858,0.07125386199794027
lirs,7,100,31072,ARC,2214,28858,0.07125386199794027
lirs,7,100,31072,2Q,1837,29235,0.059120751802265704
lirs,7,100,31072,LIRS,17610,13462,0.5667481977342945
lirs,7,100,31072,BELADY,25548,5524,0.8222193614830072
lirs,8,100,31072,LRU,1544,29528,0.04969104016477858
lirs,8,100,31072,LFU,2214,28858,0.07125386199794027
lirs,8,100,31072,ARC,2214,28858,0.07125386199794027
lirs,8,100,31072,2Q,1832,29240,0.05895983522142122
lirs,8,100,31072,LIRS,17606,13466,0.566619464469619
lirs,8,100,31072,BELADY,25544,5528,0.8220906282183316
lirs,9,100,31072,LRU,1548,29524,0.04981977342945417
lirs,9,100,31072,LFU,2214,28858,0.07125386199794027
lirs,9,100,31072,ARC,2214,28858,0.07125386199794027
lirs,9,100,31072,2Q,1841,29231,0.0592494850669413
lirs,9,100,31072,LIRS,17610,13462,0.5667481977342945
lirs,9,100,31072,BELADY,25548,5524,0.8222193614830072
belady,0,100,20200,LRU,0,20200,0.0
belady,0,100,20200,LFU,0,20200,0.0
belady,0,100,20200,ARC,0,20200,0.0
belady,0,100,20200,2Q,0,20200,0.0
belady,0,100,20200,LIRS,15920,4280,0.7881188118811882
belady,0,100,20200,BELADY,19899,301,0.9850990099009901
belady,1,100,20200,LRU,0,20200,0.0
belady,1,100,20200,LFU,0,20200,0.0
belady,1,100,20200,ARC,0,20200,0.0
belady,1,100,20200,2Q,0,20200,0.0
belady,1,100,20200,LIRS,15920,4280,0.7881188118811882
belady,1,100,20200,BELADY,19899,301,0.9850990099009901
belady,2,100,20200,LRU,0,20200,0.0
belady,2,100,20200,LFU,0,20200,0.0
belady,2,100,20200,ARC,0,20200,0.0
belady,2,100,20200,2Q,0,20200,0.0
belady,2,100,20200,LIRS,15920,4280,0.7881188118811882
belady,2,100,20200,BELADY,19899,301,0.9850990099009901
belady,3,100,20200,LRU,0,20200,0.0
belady,3,100,20200,LFU,0,20200,0.0
belady,3,100,20200,ARC,0,20200,0.0
belady,3,100,20200,2Q,0,20200,0.0
belady,3,100,20200,LIRS,15920,4280,0.7881188118811882
belady,3,100,20200,BELADY,19899,301,0.9850990099009901
belady,4,100,20200,LRU,0,20200,0.0
belady,4,100,20200,LFU,0,20200,0.0
belady,4,100,20200,ARC,0,20200,0.0
belady,4,100,20200,2Q,0,20200,0.0
belady,4,100,20200,LIRS,15920,4280,0.7881188118811882
belady,4,100,20200,BELADY,19899,301,0.9850990099009901
belady,5,100,20200,LRU,0,20200,0.0
belady,5,100,20200,LFU,0,20200,0.0
belady,5,100,20200,ARC,0,20200,0.0
belady,5,100,20200,2Q,0,20200,0.0
belady,5,100,20200,LIRS,15920,4280,0.7881188118811882
belady,5,100,20200,BELADY,19899,301,0.9850990099009901
belady,6,100,20200,LRU,0,20200,0.0
belady,6,100,20200,LFU,0,20200,0.0
belady,6,100,20200,ARC,0,20200,0.0
belady,6,100,20200,2Q,0,20200,0.0
belady,6,100,20200,LIRS,15920,4280,0.7881188118811882
belady,6,100,20200,BELADY,19899,301,0.9850990099009901
belady,7,100,20200,LRU,0,20200,0.0
belady,7,100,20200,LFU,0,20200,0.0
belady,7,100,20200,ARC,0,20200,0.0
belady,7,100,20200,2Q,0,20200,0.0
belady,7,100,20200,LIRS,15920,4280,0.7881188118811882
belady,7,100,20200,BELADY,19899,301,0.9850990099009901
belady,8,100,20200,LRU,0,20200,0.0
belady,8,100,20200,LFU,0,20200,0.0
belady,8,100,20200,ARC,0,20200,0.0
belady,8,100,20200,2Q,0,20200,0.0
belady,8,100,20200,LIRS,15920,4280,0.7881188118811882
belady,8,100,20200,BELADY,19899,301,0.9850990099009901
belady,9,100,20200,LRU,0,20200,0.0
belady,9,100,20200,LFU,0,20200,0.0
belady,9,100,20200,ARC,0,20200,0.0
belady,9,100,20200,2Q,0,20200,0.0
belady,9,100,20200,LIRS,15920,4280,0.7881188118811882
belady,9,100,20200,BELADY,19899,301,0.9850990099009901
